structure,family,split,ops,n_ops,levels,n_levels,n_pairs
cose2_Defect-Free.png,cose2,test,"A,B,C",3,"1,2,4,8,12,16,20,28,36",9,27
cose2_Fe_adatom.png,cose2,train,"A,B,C",3,"1,2,4,8,12,16,20,28,36",9,27
cose2_Fe_doped.png,cose2,val,"A,B,C",3,"1,2,4,8,12,16,20,28,36",9,27
cose2_Ni_adatom.png,cose2,train,"A,B,C",3,"1,2,4,8,12,16,20,28,36",9,27
cose2_Ni_doped.png,cose2,train,"A,B,C",3,"1,2,4,8,12,16,20,28,36",9,27
cose2_Vacancy-Anion-03.png,cose2,train,"A,B,C",3,"1,2,4,8,12,16,20,28,36",9,27
cose2_Vacancy-Anion-06A.png,cose2,train,"A,B,C",3,"1,2,4,8,12,16,20,28,36",9,27
cose2_Vacancy-Anion-06B.png,cose2,train,"A,B,C",3,"1,2,4,8,12,16,20,28,36",9,27
cose2_Vacancy-Anion-09A.png,cose2,train,"A,B,C",3,"1,2,4,8,12,16,20,28,36",9,27
cose2_Vacancy-Anion-09B.png,cose2,train,"A,B,C",3,"1,2,4,8,12,16,20,28,36",9,27
cose2_Vacancy-Metal.png,cose2,train,"A,B,C",3,"1,2,4,8,12,16,20,28,36",9,27
cro2_Anti-Anion.png,cro2,train,"A,B,C",3,"1,2,4,8,12,16,20,28,36",9,27
cro2_Anti-Metal.png,cro2,train,"A,B,C",3,"1,2,4,8,12,16,20,28,36",9,27
cro2_Cr_adatom.png,cro2,train,"A,B,C",3,"1,2,4,8,12,16,20,28,36",9,27
cro2_Defect-Free.png,cro2,train,"A,B,C",3,"1,2,4,8,12,16,20,28,36",9,27
cro2_Int-Anion.png,cro2,train,"A,B,C",3,"1,2,4,8,12,16,20,28,36",9,27
cro2_Int-Metal.png,cro2,test,"A,B,C",3,"1,2,4,8,12,16,20,28,36",9,27
cro2_Vacancy-Anion-03.png,cro2,val,"A,B,C",3,"1,2,4,8,12,16,20,28,36",9,27
cro2_Vacancy-Metal.png,cro2,train,"A,B,C",3,"1,2,4,8,12,16,20,28,36",9,27
crse2_Adatom-Li.png,crse2,train,"A,B,C",3,"1,2,4,8,12,16,20,28,36",9,27
crse2_Anti-Anion.png,crse2,val,"A,B,C",3,"1,2,4,8,12,16,20,28,36",9,27
crse2_Anti-Metal.png,crse2,test,"A,B,C",3,"1,2,4,8,12,16,20,28,36",9,27
crse2_Defect-Free.png,crse2,train,"A,B,C",3,"1,2,4,8,12,16,20,28,36",9,27
crse2_Doped-Li.png,crse2,train,"A,B,C",3,"1,2,4,8,12,16,20,28,36",9,27
crse2_Ti_adatom.png,crse2,train,"A,B,C",3,"1,2,4,8,12,16,20,28,36",9,27
crse2_Ti_doped.png,crse2,train,"A,B,C",3,"1,2,4,8,12,16,20,28,36",9,27
crse2_V_adatom.png,crse2,train,"A,B,C",3,"1,2,4,8,12,16,20,28,36",9,27
crse2_V_doped.png,crse2,train,"A,B,C",3,"1,2,4,8,12,16,20,28,36",9,27
crse2_Vacancy-Anion-03.png,crse2,train,"A,B,C",3,"1,2,4,8,12,16,20,28,36",9,27
crse2_Vacancy-Metal.png,crse2,train,"A,B,C",3,"1,2,4,8,12,16,20,28,36",9,27
crte2_Adatom-Li.png,crte2,test,"A,B,C",3,"1,2,4,8,12,16,20,28,36",9,27
crte2_Anti-Anion.png,crte2,train,"A,B,C",3,"1,2,4,8,12,16,20,28,36",9,27
crte2_Anti-Metal.png,crte2,train,"A,B,C",3,"1,2,4,8,12,16,20,28,36",9,27
crte2_Cr_adatom.png,crte2,train,"A,B,C",3,"1,2,4,8,12,16,20,28,36",9,27
crte2_Defect-Free.png,crte2,train,"A,B,C",3,"1,2,4,8,12,16,20,28,36",9,27
crte2_Int-Anion.png,crte2,train,"A,B,C",3,"1,2,4,8,12,16,20,28,36",9,27
crte2_Int-Metal.png,crte2,train,"A,B,C",3,"1,2,4,8,12,16,20,28,36",9,27
crte2_Ti_adatom.png,crte2,train,"A,B,C",3,"1,2,4,8,12,16,20,28,36",9,27
crte2_V_adatom.png,crte2,train,"A,B,C",3,"1,2,4,8,12,16,20,28,36",9,27
crte2_Vacancy-Anion-03.png,crte2,train,"A,B,C",3,"1,2,4,8,12,16,20,28,36",9,27
crte2_Vacancy-Metal.png,crte2,val,"A,B,C",3,"1,2,4,8,12,16,20,28,36",9,27
cus2_Cu_adatom.png,cus2,val,"A,B,C",3,"1,2,4,8,12,16,20,28,36",9,27
cus2_Defect-Free.png,cus2,train,"A,B,C",3,"1,2,4,8,12,16,20,28,36",9,27
cus2_Int-Anion.png,cus2,train,"A,B,C",3,"1,2,4,8,12,16,20,28,36",9,27
cus2_Int-Metal.png,cus2,train,"A,B,C",3,"1,2,4,8,12,16,20,28,36",9,27
cus2_Vacancy-Anion-03.png,cus2,train,"A,B,C",3,"1,2,4,8,12,16,20,28,36",9,27
cus2_Vacancy-Metal.png,cus2,test,"A,B,C",3,"1,2,4,8,12,16,20,28,36",9,27
cuse2_Cu_adatom.png,cuse2,val,"A,B,C",3,"1,2,4,8,12,16,20,28,36",9,27
cuse2_Defect-Free.png,cuse2,train,"A,B,C",3,"1,2,4,8,12,16,20,28,36",9,27
cuse2_Int-Anion.png,cuse2,train,"A,B,C",3,"1,2,4,8,12,16,20,28,36",9,27
cuse2_Int-Metal.png,cuse2,train,"A,B,C",3,"1,2,4,8,12,16,20,28,36",9,27
cuse2_Vacancy-Anion-03.png,cuse2,test,"A,B,C",3,"1,2,4,8,12,16,20,28,36",9,27
cuse2_Vacancy-Metal.png,cuse2,train,"A,B,C",3,"1,2,4,8,12,16,20,28,36",9,27
feo2_Defect-Free.png,feo2,train,"A,B,C",3,"1,2,4,8,12,16,20,28,36",9,27
feo2_Int-Anion.png,feo2,val,"A,B,C",3,"1,2,4,8,12,16,20,28,36",9,27
feo2_Int-Metal.png,feo2,test,"A,B,C",3,"1,2,4,8,12,16,20,28,36",9,27
feo2_Vacancy-Anion-03.png,feo2,train,"A,B,C",3,"1,2,4,8,12,16,20,28,36",9,27
feo2_Vacancy-Metal.png,feo2,train,"A,B,C",3,"1,2,4,8,12,16,20,28,36",9,27
fes2_Co_adatom.png,fes2,train,"A,B,C",3,"1,2,4,8,12,16,20,28,36",9,27
fes2_Co_doped.png,fes2,train,"A,B,C",3,"1,2,4,8,12,16,20,28,36",9,27
fes2_Defect-Free.png,fes2,train,"A,B,C",3,"1,2,4,8,12,16,20,28,36",9,27
fes2_Fe_adatom.png,fes2,train,"A,B,C",3,"1,2,4,8,12,16,20,28,36",9,27
fes2_Ni_adatom.png,fes2,train,"A,B,C",3,"1,2,4,8,12,16,20,28,36",9,27
fes2_Ni_doped.png,fes2,val,"A,B,C",3,"1,2,4,8,12,16,20,28,36",9,27
fes2_Vacancy-Anion-03.png,fes2,train,"A,B,C",3,"1,2,4,8,12,16,20,28,36",9,27
fes2_Vacancy-Anion-06A.png,fes2,train,"A,B,C",3,"1,2,4,8,12,16,20,28,36",9,27
fes2_Vacancy-Anion-06B.png,fes2,train,"A,B,C",3,"1,2,4,8,12,16,20,28,36",9,27
fes2_Vacancy-Anion-09A.png,fes2,train,"A,B,C",3,"1,2,4,8,12,16,20,28,36",9,27
fes2_Vacancy-Anion-09B.png,fes2,test,"A,B,C",3,"1,2,4,8,12,16,20,28,36",9,27
fes2_Vacancy-Metal.png,fes2,train,"A,B,C",3,"1,2,4,8,12,16,20,28,36",9,27
ges2_Defect-Free.png,ges2,train,"A,B,C",3,"1,2,4,8,12,16,20,28,36",9,27
ges2_Vacancy-Anion-03.png,ges2,val,"A,B,C",3,"1,2,4,8,12,16,20,28,36",9,27
ges2_Vacancy-Metal.png,ges2,test,"A,B,C",3,"1,2,4,8,12,16,20,28,36",9,27
gete2_Defect-Free.png,gete2,val,"A,B,C",3,"1,2,4,8,12,16,20,28,36",9,27
gete2_Vacancy-Anion-03.png,gete2,test,"A,B,C",3,"1,2,4,8,12,16,20,28,36",9,27
gete2_Vacancy-Metal.png,gete2,train,"A,B,C",3,"1,2,4,8,12,16,20,28,36",9,27
hfo2_Anti-Anion.png,hfo2,train,"A,B,C",3,"1,2,4,8,12,16,20,28,36",9,27
hfo2_Anti-Metal.png,hfo2,train,"A,B,C",3,"1,2,4,8,12,16,20,28,36",9,27
hfo2_Defect-Free.png,hfo2,train,"A,B,C",3,"1,2,4,8,12,16,20,28,36",9,27
hfo2_Int-Anion.png,hfo2,val,"A,B,C",3,"1,2,4,8,12,16,20,28,36",9,27
hfo2_Int-Metal.png,hfo2,test,"A,B,C",3,"1,2,4,8,12,16,20,28,36",9,27
hfo2_Vacancy-Anion-03.png,hfo2,train,"A,B,C",3,"1,2,4,8,12,16,20,28,36",9,27
hfo2_Vacancy-Metal.png,hfo2,train,"A,B,C",3,"1,2,4,8,12,16,20,28,36",9,27
irte2_Defect-Free.png,irte2,test,"A,B,C",3,"1,2,4,8,12,16,20,28,36",9,27
irte2_Vacancy-Anion-03.png,irte2,train,"A,B,C",3,"1,2,4,8,12,16,20,28,36",9,27
irte2_Vacancy-Metal.png,irte2,val,"A,B,C",3,"1,2,4,8,12,16,20,28,36",9,27
mno2_Defect-Free.png,mno2,val,"A,B,C",3,"1,2,4,8,12,16,20,28,36",9,27
mno2_Int-Anion.png,mno2,test,"A,B,C",3,"1,2,4,8,12,16,20,28,36",9,27
mno2_Vacancy-Anion-03.png,mno2,train,"A,B,C",3,"1,2,4,8,12,16,20,28,36",9,27
mno2_Vacancy-Metal.png,mno2,train,"A,B,C",3,"1,2,4,8,12,16,20,28,36",9,27
mns2_Defect-Free.png,mns2,train,"A,B,C",3,"1,2,4,8,12,16,20,28,36",9,27
mns2_Int-Anion.png,mns2,val,"A,B,C",3,"1,2,4,8,12,16,20,28,36",9,27
mns2_Int-Metal.png,mns2,train,"A,B,C",3,"1,2,4,8,12,16,20,28,36",9,27
mns2_Vacancy-Anion-03.png,mns2,test,"A,B,C",3,"1,2,4,8,12,16,20,28,36",9,27
mns2_Vacancy-Metal.png,mns2,train,"A,B,C",3,"1,2,4,8,12,16,20,28,36",9,27
mnse2-A_Defect-Free.png,mnse2,train,"A,B,C",3,"1,2,4,8,12,16,20,28,36",9,27
mnse2-A_Vacancy-Anion-03.png,mnse2,train,"A,B,C",3,"1,2,4,8,12,16,20,28,36",9,27
mnse2-A_Vacancy-Metal.png,mnse2,train,"A,B,C",3,"1,2,4,8,12,16,20,28,36",9,27
mnse2-B_Defect-Free.png,mnse2,test,"A,B,C",3,"1,2,4,8,12,16,20,28,36",9,27
mnse2-B_Vacancy-Anion-03.png,mnse2,val,"A,B,C",3,"1,2,4,8,12,16,20,28,36",9,27
mnse2-B_Vacancy-Metal.png,mnse2,train,"A,B,C",3,"1,2,4,8,12,16,20,28,36",9,27
mnte2_Defect-Free.png,mnte2,val,"A,B,C",3,"1,2,4,8,12,16,20,28,36",9,27
mnte2_Vacancy-Anion-03.png,mnte2,test,"A,B,C",3,"1,2,4,8,12,16,20,28,36",9,27
mnte2_Vacancy-Metal.png,mnte2,train,"A,B,C",3,"1,2,4,8,12,16,20,28,36",9,27
mos2-A_Adatom-K.png,mos2,train,"A,B,C",3,"1,2,4,8,12,16,20,28,36",9,27
mos2-A_Adatom-Li.png,mos2,val,"A,B,C",3,"1,2,4,8,12,16,20,28,36",9,27
mos2-A_Adatom-Na.png,mos2,train,"A,B,C",3,"1,2,4,8,12,16,20,28,36",9,27
mos2-A_Anti-2M.png,mos2,train,"A,B,C",3,"1,2,4,8,12,16,20,28,36",9,27
mos2-A_Anti-Anion.png,mos2,train,"A,B,C",3,"1,2,4,8,12,16,20,28,36",9,27
mos2-A_Anti-Metal.png,mos2,train,"A,B,C",3,"1,2,4,8,12,16,20,28,36",9,27
mos2-A_Defect-Free.png,mos2,train,"A,B,C",3,"1,2,4,8,12,16,20,28,36",9,27
mos2-A_Doped-K.png,mos2,train,"A,B,C",3,"1,2,4,8,12,16,20,28,36",9,27
mos2-A_Doped-Li.png,mos2,test,"A,B,C",3,"1,2,4,8,12,16,20,28,36",9,27
mos2-A_Doped-Na.png,mos2,train,"A,B,C",3,"1,2,4,8,12,16,20,28,36",9,27
mos2-A_Ti_adatom.png,mos2,train,"A,B,C",3,"1,2,4,8,12,16,20,28,36",9,27
mos2-A_Ti_doped.png,mos2,train,"A,B,C",3,"1,2,4,8,12,16,20,28,36",9,27
mos2-A_V_adatom.png,mos2,test,"A,B,C",3,"1,2,4,8,12,16,20,28,36",9,27
mos2-A_V_doped.png,mos2,train,"A,B,C",3,"1,2,4,8,12,16,20,28,36",9,27
mos2-A_Vacancy-Anion-03.png,mos2,train,"A,B,C",3,"1,2,4,8,12,16,20,28,36",9,27
mos2-A_Vacancy-Anion-06A.png,mos2,train,"A,B,C",3,"1,2,4,8,12,16,20,28,36",9,27
mos2-A_Vacancy-Anion-06B.png,mos2,train,"A,B,C",3,"1,2,4,8,12,16,20,28,36",9,27
mos2-A_Vacancy-Metal.png,mos2,val,"A,B,C",3,"1,2,4,8,12,16,20,28,36",9,27
mos2-B_Adatom-K.png,mos2,val,"A,B,C",3,"1,2,4,8,12,16,20,28,36",9,27
mos2-B_Adatom-Li.png,mos2,train,"A,B,C",3,"1,2,4,8,12,16,20,28,36",9,27
mos2-B_Adatom-Na.png,mos2,train,"A,B,C",3,"1,2,4,8,12,16,20,28,36",9,27
mos2-B_Anti-2M.png,mos2,train,"A,B,C",3,"1,2,4,8,12,16,20,28,36",9,27
mos2-B_Anti-Anion.png,mos2,val,"A,B,C",3,"1,2,4,8,12,16,20,28,36",9,27
mos2-B_Anti-Metal.png,mos2,train,"A,B,C",3,"1,2,4,8,12,16,20,28,36",9,27
mos2-B_Defect-Free.png,mos2,train,"A,B,C",3,"1,2,4,8,12,16,20,28,36",9,27
mos2-B_Doped-K.png,mos2,test,"A,B,C",3,"1,2,4,8,12,16,20,28,36",9,27
mos2-B_Doped-Li.png,mos2,train,"A,B,C",3,"1,2,4,8,12,16,20,28,36",9,27
mos2-B_Doped-Na.png,mos2,train,"A,B,C",3,"1,2,4,8,12,16,20,28,36",9,27
mos2-B_Ti_adatom.png,mos2,train,"A,B,C",3,"1,2,4,8,12,16,20,28,36",9,27
mos2-B_Ti_doped.png,mos2,train,"A,B,C",3,"1,2,4,8,12,16,20,28,36",9,27
mos2-B_V_adatom.png,mos2,train,"A,B,C",3,"1,2,4,8,12,16,20,28,36",9,27
mos2-B_V_doped.png,mos2,test,"A,B,C",3,"1,2,4,8,12,16,20,28,36",9,27
mos2-B_Vacancy-Anion-03.png,mos2,train,"A,B,C",3,"1,2,4,8,12,16,20,28,36",9,27
mos2-B_Vacancy-Anion-06A.png,mos2,train,"A,B,C",3,"1,2,4,8,12,16,20,28,36",9,27
mos2-B_Vacancy-Anion-06B.png,mos2,train,"A,B,C",3,"1,2,4,8,12,16,20,28,36",9,27
mos2-B_Vacancy-Metal.png,mos2,train,"A,B,C",3,"1,2,4,8,12,16,20,28,36",9,27
mose2-A_Adatom-K.png,mose2,train,"A,B,C",3,"1,2,4,8,12,16,20,28,36",9,27
mose2-A_Adatom-Li.png,mose2,train,"A,B,C",3,"1,2,4,8,12,16,20,28,36",9,27
mose2-A_Adatom-Na.png,mose2,train,"A,B,C",3,"1,2,4,8,12,16,20,28,36",9,27
mose2-A_Anti-2M.png,mose2,train,"A,B,C",3,"1,2,4,8,12,16,20,28,36",9,27
mose2-A_Anti-Anion.png,mose2,train,"A,B,C",3,"1,2,4,8,12,16,20,28,36",9,27
mose2-A_Anti-Metal.png,mose2,train,"A,B,C",3,"1,2,4,8,12,16,20,28,36",9,27
mose2-A_Defect-Free.png,mose2,train,"A,B,C",3,"1,2,4,8,12,16,20,28,36",9,27
mose2-A_Doped-K.png,mose2,train,"A,B,C",3,"1,2,4,8,12,16,20,28,36",9,27
mose2-A_Doped-Li.png,mose2,train,"A,B,C",3,"1,2,4,8,12,16,20,28,36",9,27
mose2-A_Doped-Na.png,mose2,val,"A,B,C",3,"1,2,4,8,12,16,20,28,36",9,27
mose2-A_Ti_adatom.png,mose2,train,"A,B,C",3,"1,2,4,8,12,16,20,28,36",9,27
mose2-A_Ti_doped.png,mose2,train,"A,B,C",3,"1,2,4,8,12,16,20,28,36",9,27
mose2-A_V_adatom.png,mose2,train,"A,B,C",3,"1,2,4,8,12,16,20,28,36",9,27
mose2-A_V_doped.png,mose2,train,"A,B,C",3,"1,2,4,8,12,16,20,28,36",9,27
mose2-A_Vacancy-Anion-03.png,mose2,test,"A,B,C",3,"1,2,4,8,12,16,20,28,36",9,27
mose2-A_Vacancy-Anion-06A.png,mose2,train,"A,B,C",3,"1,2,4,8,12,16,20,28,36",9,27
mose2-A_Vacancy-Anion-06B.png,mose2,train,"A,B,C",3,"1,2,4,8,12,16,20,28,36",9,27
mose2-A_Vacancy-Metal.png,mose2,train,"A,B,C",3,"1,2,4,8,12,16,20,28,36",9,27
mose2-B_Adatom-K.png,mose2,val,"A,B,C",3,"1,2,4,8,12,16,20,28,36",9,27
mose2-B_Adatom-Li.png,mose2,train,"A,B,C",3,"1,2,4,8,12,16,20,28,36",9,27
mose2-B_Adatom-Na.png,mose2,train,"A,B,C",3,"1,2,4,8,12,16,20,28,36",9,27
mose2-B_Anti-2M.png,mose2,train,"A,B,C",3,"1,2,4,8,12,16,20,28,36",9,27
mose2-B_Anti-Anion.png,mose2,test,"A,B,C",3,"1,2,4,8,12,16,20,28,36",9,27
mose2-B_Anti-Metal.png,mose2,train,"A,B,C",3,"1,2,4,8,12,16,20,28,36",9,27
mose2-B_Defect-Free.png,mose2,train,"A,B,C",3,"1,2,4,8,12,16,20,28,36",9,27
mose2-B_Doped-K.png,mose2,train,"A,B,C",3,"1,2,4,8,12,16,20,28,36",9,27
mose2-B_Doped-Li.png,mose2,train,"A,B,C",3,"1,2,4,8,12,16,20,28,36",9,27
mose2-B_Doped-Na.png,mose2,val,"A,B,C",3,"1,2,4,8,12,16,20,28,36",9,27
mose2-B_Ti_adatom.png,mose2,train,"A,B,C",3,"1,2,4,8,12,16,20,28,36",9,27
mose2-B_Ti_doped.png,mose2,train,"A,B,C",3,"1,2,4,8,12,16,20,28,36",9,27
mose2-B_V_adatom.png,mose2,val,"A,B,C",3,"1,2,4,8,12,16,20,28,36",9,27
mose2-B_V_doped.png,mose2,test,"A,B,C",3,"1,2,4,8,12,16,20,28,36",9,27
mose2-B_Vacancy-Anion-03.png,mose2,train,"A,B,C",3,"1,2,4,8,12,16,20,28,36",9,27
mose2-B_Vacancy-Anion-06A.png,mose2,train,"A,B,C",3,"1,2,4,8,12,16,20,28,36",9,27
mose2-B_Vacancy-Anion-06B.png,mose2,train,"A,B,C",3,"1,2,4,8,12,16,20,28,36",9,27
mose2-B_Vacancy-Metal.png,mose2,test,"A,B,C",3,"1,2,4,8,12,16,20,28,36",9,27
mote2-A_Adatom-K.png,mote2,test,"A,B,C",3,"1,2,4,8,12,16,20,28,36",9,27
mote2-A_Adatom-Li.png,mote2,train,"A,B,C",3,"1,2,4,8,12,16,20,28,36",9,27
mote2-A_Adatom-Na.png,mote2,train,"A,B,C",3,"1,2,4,8,12,16,20,28,36",9,27
mote2-A_Anti-2M.png,mote2,val,"A,B,C",3,"1,2,4,8,12,16,20,28,36",9,27
mote2-A_Anti-Anion.png,mote2,train,"A,B,C",3,"1,2,4,8,12,16,20,28,36",9,27
mote2-A_Anti-Metal.png,mote2,train,"A,B,C",3,"1,2,4,8,12,16,20,28,36",9,27
mote2-A_Defect-Free.png,mote2,train,"A,B,C",3,"1,2,4,8,12,16,20,28,36",9,27
mote2-A_Doped-K.png,mote2,train,"A,B,C",3,"1,2,4,8,12,16,20,28,36",9,27
mote2-A_Doped-Li.png,mote2,train,"A,B,C",3,"1,2,4,8,12,16,20,28,36",9,27
mote2-A_Doped-Na.png,mote2,train,"A,B,C",3,"1,2,4,8,12,16,20,28,36",9,27
mote2-A_Ti_adatom.png,mote2,train,"A,B,C",3,"1,2,4,8,12,16,20,28,36",9,27
mote2-A_Ti_doped.png,mote2,val,"A,B,C",3,"1,2,4,8,12,16,20,28,36",9,27
mote2-A_V_adatom.png,mote2,train,"A,B,C",3,"1,2,4,8,12,16,20,28,36",9,27
mote2-A_V_doped.png,mote2,test,"A,B,C",3,"1,2,4,8,12,16,20,28,36",9,27
mote2-A_Vacancy-Anion-03.png,mote2,train,"A,B,C",3,"1,2,4,8,12,16,20,28,36",9,27
mote2-A_Vacancy-Anion-06A.png,mote2,train,"A,B,C",3,"1,2,4,8,12,16,20,28,36",9,27
mote2-A_Vacancy-Anion-06B.png,mote2,train,"A,B,C",3,"1,2,4,8,12,16,20,28,36",9,27
mote2-A_Vacancy-Metal.png,mote2,train,"A,B,C",3,"1,2,4,8,12,16,20,28,36",9,27
mote2-B_Adatom-K.png,mote2,test,"A,B,C",3,"1,2,4,8,12,16,20,28,36",9,27
mote2-B_Adatom-Li.png,mote2,train,"A,B,C",3,"1,2,4,8,12,16,20,28,36",9,27
mote2-B_Adatom-Na.png,mote2,train,"A,B,C",3,"1,2,4,8,12,16,20,28,36",9,27
mote2-B_Anti-2M.png,mote2,train,"A,B,C",3,"1,2,4,8,12,16,20,28,36",9,27
mote2-B_Anti-Anion.png,mote2,train,"A,B,C",3,"1,2,4,8,12,16,20,28,36",9,27
mote2-B_Anti-Metal.png,mote2,train,"A,B,C",3,"1,2,4,8,12,16,20,28,36",9,27
mote2-B_Defect-Free.png,mote2,train,"A,B,C",3,"1,2,4,8,12,16,20,28,36",9,27
mote2-B_Doped-K.png,mote2,train,"A,B,C",3,"1,2,4,8,12,16,20,28,36",9,27
mote2-B_Doped-Li.png,mote2,test,"A,B,C",3,"1,2,4,8,12,16,20,28,36",9,27
mote2-B_Doped-Na.png,mote2,train,"A,B,C",3,"1,2,4,8,12,16,20,28,36",9,27
mote2-B_Ti_adatom.png,mote2,train,"A,B,C",3,"1,2,4,8,12,16,20,28,36",9,27
mote2-B_Ti_doped.png,mote2,train,"A,B,C",3,"1,2,4,8,12,16,20,28,36",9,27
mote2-B_V_adatom.png,mote2,val,"A,B,C",3,"1,2,4,8,12,16,20,28,36",9,27
mote2-B_V_doped.png,mote2,train,"A,B,C",3,"1,2,4,8,12,16,20,28,36",9,27
mote2-B_Vacancy-Anion-03.png,mote2,train,"A,B,C",3,"1,2,4,8,12,16,20,28,36",9,27
mote2-B_Vacancy-Anion-06A.png,mote2,train,"A,B,C",3,"1,2,4,8,12,16,20,28,36",9,27
mote2-B_Vacancy-Anion-06B.png,mote2,val,"A,B,C",3,"1,2,4,8,12,16,20,28,36",9,27
mote2-B_Vacancy-Metal.png,mote2,train,"A,B,C",3,"1,2,4,8,12,16,20,28,36",9,27
nbo2_Defect-Free.png,nbo2,val,"A,B,C",3,"1,2,4,8,12,16,20,28,36",9,27
nbo2_Vacancy-Anion-03.png,nbo2,test,"A,B,C",3,"1,2,4,8,12,16,20,28,36",9,27
nbo2_Vacancy-Metal.png,nbo2,train,"A,B,C",3,"1,2,4,8,12,16,20,28,36",9,27
nbs2_Anti-Anion.png,nbs2,test,"A,B,C",3,"1,2,4,8,12,16,20,28,36",9,27
nbs2_Anti-Metal.png,nbs2,val,"A,B,C",3,"1,2,4,8,12,16,20,28,36",9,27
nbs2_Cu_adatom.png,nbs2,train,"A,B,C",3,"1,2,4,8,12,16,20,28,36",9,27
nbs2_Cu_doped.png,nbs2,train,"A,B,C",3,"1,2,4,8,12,16,20,28,36",9,27
nbs2_Defect-Free.png,nbs2,train,"A,B,C",3,"1,2,4,8,12,16,20,28,36",9,27
nbs2_Fe_adatom.png,nbs2,train,"A,B,C",3,"1,2,4,8,12,16,20,28,36",9,27
nbs2_Fe_doped.png,nbs2,test,"A,B,C",3,"1,2,4,8,12,16,20,28,36",9,27
nbs2_V_adatom.png,nbs2,train,"A,B,C",3,"1,2,4,8,12,16,20,28,36",9,27
nbs2_V_doped.png,nbs2,train,"A,B,C",3,"1,2,4,8,12,16,20,28,36",9,27
nbs2_Vacancy-Anion-03.png,nbs2,train,"A,B,C",3,"1,2,4,8,12,16,20,28,36",9,27
nbs2_Vacancy-Anion-06A.png,nbs2,train,"A,B,C",3,"1,2,4,8,12,16,20,28,36",9,27
nbs2_Vacancy-Anion-06B.png,nbs2,train,"A,B,C",3,"1,2,4,8,12,16,20,28,36",9,27
nbs2_Vacancy-Anion-09A.png,nbs2,train,"A,B,C",3,"1,2,4,8,12,16,20,28,36",9,27
nbs2_Vacancy-Anion-09B.png,nbs2,train,"A,B,C",3,"1,2,4,8,12,16,20,28,36",9,27
nbs2_Vacancy-Anion-12A.png,nbs2,train,"A,B,C",3,"1,2,4,8,12,16,20,28,36",9,27
nbs2_Vacancy-Anion-12B.png,nbs2,train,"A,B,C",3,"1,2,4,8,12,16,20,28,36",9,27
nbs2_Vacancy-Metal.png,nbs2,val,"A,B,C",3,"1,2,4,8,12,16,20,28,36",9,27
nbse2_Anti-Anion.png,nbse2,test,"A,B,C",3,"1,2,4,8,12,16,20,28,36",9,27
nbse2_Anti-Metal.png,nbse2,train,"A,B,C",3,"1,2,4,8,12,16,20,28,36",9,27
nbse2_Cu_adatom.png,nbse2,train,"A,B,C",3,"1,2,4,8,12,16,20,28,36",9,27
nbse2_Cu_doped.png,nbse2,val,"A,B,C",3,"1,2,4,8,12,16,20,28,36",9,27
nbse2_Defect-Free.png,nbse2,train,"A,B,C",3,"1,2,4,8,12,16,20,28,36",9,27
nbse2_Fe_adatom.png,nbse2,train,"A,B,C",3,"1,2,4,8,12,16,20,28,36",9,27
nbse2_Fe_doped.png,nbse2,train,"A,B,C",3,"1,2,4,8,12,16,20,28,36",9,27
nbse2_V_adatom.png,nbse2,train,"A,B,C",3,"1,2,4,8,12,16,20,28,36",9,27
nbse2_V_doped.png,nbse2,train,"A,B,C",3,"1,2,4,8,12,16,20,28,36",9,27
nbse2_Vacancy-Anion-03.png,nbse2,val,"A,B,C",3,"1,2,4,8,12,16,20,28,36",9,27
nbse2_Vacancy-Anion-06A.png,nbse2,train,"A,B,C",3,"1,2,4,8,12,16,20,28,36",9,27
nbse2_Vacancy-Anion-06B.png,nbse2,train,"A,B,C",3,"1,2,4,8,12,16,20,28,36",9,27
nbse2_Vacancy-Anion-09A.png,nbse2,train,"A,B,C",3,"1,2,4,8,12,16,20,28,36",9,27
nbse2_Vacancy-Anion-09B.png,nbse2,test,"A,B,C",3,"1,2,4,8,12,16,20,28,36",9,27
nbse2_Vacancy-Anion-12A.png,nbse2,train,"A,B,C",3,"1,2,4,8,12,16,20,28,36",9,27
nbse2_Vacancy-Anion-12B.png,nbse2,train,"A,B,C",3,"1,2,4,8,12,16,20,28,36",9,27
nbse2_Vacancy-Metal.png,nbse2,train,"A,B,C",3,"1,2,4,8,12,16,20,28,36",9,27
nbte2_Anti-Anion.png,nbte2,train,"A,B,C",3,"1,2,4,8,12,16,20,28,36",9,27
nbte2_Anti-Metal.png,nbte2,train,"A,B,C",3,"1,2,4,8,12,16,20,28,36",9,27
nbte2_Cu_adatom.png,nbte2,train,"A,B,C",3,"1,2,4,8,12,16,20,28,36",9,27
nbte2_Cu_doped.png,nbte2,train,"A,B,C",3,"1,2,4,8,12,16,20,28,36",9,27
nbte2_Defect-Free.png,nbte2,train,"A,B,C",3,"1,2,4,8,12,16,20,28,36",9,27
nbte2_Fe_adatom.png,nbte2,train,"A,B,C",3,"1,2,4,8,12,16,20,28,36",9,27
nbte2_Fe_doped.png,nbte2,train,"A,B,C",3,"1,2,4,8,12,16,20,28,36",9,27
nbte2_V_adatom.png,nbte2,test,"A,B,C",3,"1,2,4,8,12,16,20,28,36",9,27
nbte2_V_doped.png,nbte2,test,"A,B,C",3,"1,2,4,8,12,16,20,28,36",9,27
nbte2_Vacancy-Anion-03.png,nbte2,train,"A,B,C",3,"1,2,4,8,12,16,20,28,36",9,27
nbte2_Vacancy-Anion-06A.png,nbte2,train,"A,B,C",3,"1,2,4,8,12,16,20,28,36",9,27
nbte2_Vacancy-Anion-06B.png,nbte2,train,"A,B,C",3,"1,2,4,8,12,16,20,28,36",9,27
nbte2_Vacancy-Anion-09A.png,nbte2,train,"A,B,C",3,"1,2,4,8,12,16,20,28,36",9,27
nbte2_Vacancy-Anion-09B.png,nbte2,train,"A,B,C",3,"1,2,4,8,12,16,20,28,36",9,27
nbte2_Vacancy-Anion-12A.png,nbte2,val,"A,B,C",3,"1,2,4,8,12,16,20,28,36",9,27
nbte2_Vacancy-Anion-12B.png,nbte2,train,"A,B,C",3,"1,2,4,8,12,16,20,28,36",9,27
nbte2_Vacancy-Metal.png,nbte2,val,"A,B,C",3,"1,2,4,8,12,16,20,28,36",9,27
pbse2_Defect-Free.png,pbse2,val,"A,B,C",3,"1,2,4,8,12,16,20,28,36",9,27
pbse2_Int-Metal.png,pbse2,train,"A,B,C",3,"1,2,4,8,12,16,20,28,36",9,27
pbse2_Vacancy-Anion-03.png,pbse2,test,"A,B,C",3,"1,2,4,8,12,16,20,28,36",9,27
pbse2_Vacancy-Metal.png,pbse2,train,"A,B,C",3,"1,2,4,8,12,16,20,28,36",9,27
pbte2_Defect-Free.png,pbte2,test,"A,B,C",3,"1,2,4,8,12,16,20,28,36",9,27
pbte2_Vacancy-Anion-03.png,pbte2,train,"A,B,C",3,"1,2,4,8,12,16,20,28,36",9,27
pbte2_Vacancy-Metal.png,pbte2,val,"A,B,C",3,"1,2,4,8,12,16,20,28,36",9,27
rete2_Defect-Free.png,rete2,val,"A,B,C",3,"1,2,4,8,12,16,20,28,36",9,27
rete2_Vacancy-Anion-03.png,rete2,train,"A,B,C",3,"1,2,4,8,12,16,20,28,36",9,27
rete2_Vacancy-Metal.png,rete2,test,"A,B,C",3,"1,2,4,8,12,16,20,28,36",9,27
rus2_Anti-Anion.png,rus2,val,"A,B,C",3,"1,2,4,8,12,16,20,28,36",9,27
rus2_Anti-Metal.png,rus2,test,"A,B,C",3,"1,2,4,8,12,16,20,28,36",9,27
rus2_Defect-Free.png,rus2,train,"A,B,C",3,"1,2,4,8,12,16,20,28,36",9,27
rus2_Int-Anion.png,rus2,train,"A,B,C",3,"1,2,4,8,12,16,20,28,36",9,27
rus2_Int-Metal.png,rus2,train,"A,B,C",3,"1,2,4,8,12,16,20,28,36",9,27
rus2_Ru_adatom.png,rus2,train,"A,B,C",3,"1,2,4,8,12,16,20,28,36",9,27
rus2_Vacancy-Anion-03.png,rus2,train,"A,B,C",3,"1,2,4,8,12,16,20,28,36",9,27
rus2_Vacancy-Metal.png,rus2,train,"A,B,C",3,"1,2,4,8,12,16,20,28,36",9,27
sno2_Anti-Anion.png,sno2,train,"A,B,C",3,"1,2,4,8,12,16,20,28,36",9,27
sno2_Anti-Metal.png,sno2,val,"A,B,C",3,"1,2,4,8,12,16,20,28,36",9,27
sno2_Defect-Free.png,sno2,train,"A,B,C",3,"1,2,4,8,12,16,20,28,36",9,27
sno2_Int-Anion.png,sno2,train,"A,B,C",3,"1,2,4,8,12,16,20,28,36",9,27
sno2_Int-Metal.png,sno2,train,"A,B,C",3,"1,2,4,8,12,16,20,28,36",9,27
sno2_Vacancy-Anion-03.png,sno2,test,"A,B,C",3,"1,2,4,8,12,16,20,28,36",9,27
sno2_Vacancy-Metal.png,sno2,train,"A,B,C",3,"1,2,4,8,12,16,20,28,36",9,27
sns2_Cu_doped.png,sns2,train,"A,B,C",3,"1,2,4,8,12,16,20,28,36",9,27
sns2_Defect-Free.png,sns2,train,"A,B,C",3,"1,2,4,8,12,16,20,28,36",9,27
sns2_Fe_doped.png,sns2,train,"A,B,C",3,"1,2,4,8,12,16,20,28,36",9,27
sns2_Ge_doped.png,sns2,test,"A,B,C",3,"1,2,4,8,12,16,20,28,36",9,27
sns2_Mn_doped.png,sns2,train,"A,B,C",3,"1,2,4,8,12,16,20,28,36",9,27
sns2_Ni_doped.png,sns2,train,"A,B,C",3,"1,2,4,8,12,16,20,28,36",9,27
sns2_V_doped.png,sns2,train,"A,B,C",3,"1,2,4,8,12,16,20,28,36",9,27
sns2_Vacancy-Anion-03.png,sns2,train,"A,B,C",3,"1,2,4,8,12,16,20,28,36",9,27
sns2_Vacancy-Metal.png,sns2,val,"A,B,C",3,"1,2,4,8,12,16,20,28,36",9,27
snse2_Cu_doped.png,snse2,train,"A,B,C",3,"1,2,4,8,12,16,20,28,36",9,27
snse2_Defect-Free.png,snse2,test,"A,B,C",3,"1,2,4,8,12,16,20,28,36",9,27
snse2_Fe_doped.png,snse2,train,"A,B,C",3,"1,2,4,8,12,16,20,28,36",9,27
snse2_Ge_doped.png,snse2,train,"A,B,C",3,"1,2,4,8,12,16,20,28,36",9,27
snse2_Mn_doped.png,snse2,train,"A,B,C",3,"1,2,4,8,12,16,20,28,36",9,27
snse2_Ni_doped.png,snse2,train,"A,B,C",3,"1,2,4,8,12,16,20,28,36",9,27
snse2_V_doped.png,snse2,train,"A,B,C",3,"1,2,4,8,12,16,20,28,36",9,27
snse2_Vacancy-Anion-03.png,snse2,val,"A,B,C",3,"1,2,4,8,12,16,20,28,36",9,27
snse2_Vacancy-Metal.png,snse2,train,"A,B,C",3,"1,2,4,8,12,16,20,28,36",9,27
snte2_Cu_doped.png,snte2,test,"A,B,C",3,"1,2,4,8,12,16,20,28,36",9,27
snte2_Defect-Free.png,snte2,train,"A,B,C",3,"1,2,4,8,12,16,20,28,36",9,27
snte2_Fe_doped.png,snte2,val,"A,B,C",3,"1,2,4,8,12,16,20,28,36",9,27
snte2_Ge_doped.png,snte2,train,"A,B,C",3,"1,2,4,8,12,16,20,28,36",9,27
snte2_Mn_doped.png,snte2,train,"A,B,C",3,"1,2,4,8,12,16,20,28,36",9,27
snte2_Ni_doped.png,snte2,train,"A,B,C",3,"1,2,4,8,12,16,20,28,36",9,27
snte2_V_doped.png,snte2,train,"A,B,C",3,"1,2,4,8,12,16,20,28,36",9,27
snte2_Vacancy-Anion-03.png,snte2,train,"A,B,C",3,"1,2,4,8,12,16,20,28,36",9,27
snte2_Vacancy-Metal.png,snte2,train,"A,B,C",3,"1,2,4,8,12,16,20,28,36",9,27
tas2-A_Anti-2M.png,tas2,train,"A,B,C",3,"1,2,4,8,12,16,20,28,36",9,27
tas2-A_Anti-Anion.png,tas2,train,"A,B,C",3,"1,2,4,8,12,16,20,28,36",9,27
tas2-A_Anti-Metal.png,tas2,test,"A,B,C",3,"1,2,4,8,12,16,20,28,36",9,27
tas2-A_Cu_doped.png,tas2,test,"A,B,C",3,"1,2,4,8,12,16,20,28,36",9,27
tas2-A_Defect-Free.png,tas2,train,"A,B,C",3,"1,2,4,8,12,16,20,28,36",9,27
tas2-A_Doped-Li.png,tas2,val,"A,B,C",3,"1,2,4,8,12,16,20,28,36",9,27
tas2-A_Fe_doped.png,tas2,train,"A,B,C",3,"1,2,4,8,12,16,20,28,36",9,27
tas2-A_Ni_doped.png,tas2,train,"A,B,C",3,"1,2,4,8,12,16,20,28,36",9,27
tas2-A_Ti_doped.png,tas2,train,"A,B,C",3,"1,2,4,8,12,16,20,28,36",9,27
tas2-A_Vacancy-Anion-03.png,tas2,train,"A,B,C",3,"1,2,4,8,12,16,20,28,36",9,27
tas2-A_Vacancy-Anion-06A.png,tas2,train,"A,B,C",3,"1,2,4,8,12,16,20,28,36",9,27
tas2-A_Vacancy-Anion-06B.png,tas2,train,"A,B,C",3,"1,2,4,8,12,16,20,28,36",9,27
tas2-A_Vacancy-Anion-09A.png,tas2,train,"A,B,C",3,"1,2,4,8,12,16,20,28,36",9,27
tas2-A_Vacancy-Anion-09B.png,tas2,train,"A,B,C",3,"1,2,4,8,12,16,20,28,36",9,27
tas2-A_Vacancy-Anion-12A.png,tas2,train,"A,B,C",3,"1,2,4,8,12,16,20,28,36",9,27
tas2-A_Vacancy-Anion-12B.png,tas2,train,"A,B,C",3,"1,2,4,8,12,16,20,28,36",9,27
tas2-A_Vacancy-Metal.png,tas2,train,"A,B,C",3,"1,2,4,8,12,16,20,28,36",9,27
tas2-B_Anti-2M.png,tas2,train,"A,B,C",3,"1,2,4,8,12,16,20,28,36",9,27
tas2-B_Anti-Anion.png,tas2,test,"A,B,C",3,"1,2,4,8,12,16,20,28,36",9,27
tas2-B_Anti-Metal.png,tas2,train,"A,B,C",3,"1,2,4,8,12,16,20,28,36",9,27
tas2-B_Cu_doped.png,tas2,train,"A,B,C",3,"1,2,4,8,12,16,20,28,36",9,27
tas2-B_Defect-Free.png,tas2,train,"A,B,C",3,"1,2,4,8,12,16,20,28,36",9,27
tas2-B_Doped-Li.png,tas2,train,"A,B,C",3,"1,2,4,8,12,16,20,28,36",9,27
tas2-B_Fe_doped.png,tas2,train,"A,B,C",3,"1,2,4,8,12,16,20,28,36",9,27
tas2-B_Ni_doped.png,tas2,train,"A,B,C",3,"1,2,4,8,12,16,20,28,36",9,27
tas2-B_Ti_doped.png,tas2,train,"A,B,C",3,"1,2,4,8,12,16,20,28,36",9,27
tas2-B_Vacancy-Anion-03.png,tas2,train,"A,B,C",3,"1,2,4,8,12,16,20,28,36",9,27
tas2-B_Vacancy-Anion-06A.png,tas2,train,"A,B,C",3,"1,2,4,8,12,16,20,28,36",9,27
tas2-B_Vacancy-Anion-06B.png,tas2,val,"A,B,C",3,"1,2,4,8,12,16,20,28,36",9,27
tas2-B_Vacancy-Anion-09A.png,tas2,train,"A,B,C",3,"1,2,4,8,12,16,20,28,36",9,27
tas2-B_Vacancy-Anion-09B.png,tas2,val,"A,B,C",3,"1,2,4,8,12,16,20,28,36",9,27
tas2-B_Vacancy-Anion-12A.png,tas2,train,"A,B,C",3,"1,2,4,8,12,16,20,28,36",9,27
tas2-B_Vacancy-Anion-12B.png,tas2,train,"A,B,C",3,"1,2,4,8,12,16,20,28,36",9,27
tas2-B_Vacancy-Metal.png,tas2,train,"A,B,C",3,"1,2,4,8,12,16,20,28,36",9,27
tase2-A_Anti-Anion.png,tase2,train,"A,B,C",3,"1,2,4,8,12,16,20,28,36",9,27
tase2-A_Anti-Metal.png,tase2,test,"A,B,C",3,"1,2,4,8,12,16,20,28,36",9,27
tase2-A_Cu_doped.png,tase2,train,"A,B,C",3,"1,2,4,8,12,16,20,28,36",9,27
tase2-A_Defect-Free.png,tase2,train,"A,B,C",3,"1,2,4,8,12,16,20,28,36",9,27
tase2-A_Doped-Li.png,tase2,train,"A,B,C",3,"1,2,4,8,12,16,20,28,36",9,27
tase2-A_Fe_doped.png,tase2,train,"A,B,C",3,"1,2,4,8,12,16,20,28,36",9,27
tase2-A_Int-Anion.png,tase2,train,"A,B,C",3,"1,2,4,8,12,16,20,28,36",9,27
tase2-A_Int-Metal.png,tase2,train,"A,B,C",3,"1,2,4,8,12,16,20,28,36",9,27
tase2-A_Ni_doped.png,tase2,train,"A,B,C",3,"1,2,4,8,12,16,20,28,36",9,27
tase2-A_Ti_doped.png,tase2,train,"A,B,C",3,"1,2,4,8,12,16,20,28,36",9,27
tase2-A_Vacancy-Anion-03.png,tase2,train,"A,B,C",3,"1,2,4,8,12,16,20,28,36",9,27
tase2-A_Vacancy-Anion-06A.png,tase2,train,"A,B,C",3,"1,2,4,8,12,16,20,28,36",9,27
tase2-A_Vacancy-Anion-06B.png,tase2,train,"A,B,C",3,"1,2,4,8,12,16,20,28,36",9,27
tase2-A_Vacancy-Anion-09A.png,tase2,train,"A,B,C",3,"1,2,4,8,12,16,20,28,36",9,27
tase2-A_Vacancy-Anion-09B.png,tase2,train,"A,B,C",3,"1,2,4,8,12,16,20,28,36",9,27
tase2-A_Vacancy-Anion-12A.png,tase2,test,"A,B,C",3,"1,2,4,8,12,16,20,28,36",9,27
tase2-A_Vacancy-Anion-12B.png,tase2,val,"A,B,C",3,"1,2,4,8,12,16,20,28,36",9,27
tase2-A_Vacancy-Metal.png,tase2,train,"A,B,C",3,"1,2,4,8,12,16,20,28,36",9,27
tase2-B_Anti-Anion.png,tase2,train,"A,B,C",3,"1,2,4,8,12,16,20,28,36",9,27
tase2-B_Anti-Metal.png,tase2,train,"A,B,C",3,"1,2,4,8,12,16,20,28,36",9,27
tase2-B_Cu_doped.png,tase2,train,"A,B,C",3,"1,2,4,8,12,16,20,28,36",9,27
tase2-B_Defect-Free.png,tase2,val,"A,B,C",3,"1,2,4,8,12,16,20,28,36",9,27
tase2-B_Doped-Li.png,tase2,train,"A,B,C",3,"1,2,4,8,12,16,20,28,36",9,27
tase2-B_Fe_doped.png,tase2,train,"A,B,C",3,"1,2,4,8,12,16,20,28,36",9,27
tase2-B_Ni_doped.png,tase2,train,"A,B,C",3,"1,2,4,8,12,16,20,28,36",9,27
tase2-B_Ti_doped.png,tase2,test,"A,B,C",3,"1,2,4,8,12,16,20,28,36",9,27
tase2-B_Vacancy-Anion-03.png,tase2,train,"A,B,C",3,"1,2,4,8,12,16,20,28,36",9,27
tase2-B_Vacancy-Anion-06A.png,tase2,train,"A,B,C",3,"1,2,4,8,12,16,20,28,36",9,27
tase2-B_Vacancy-Anion-06B.png,tase2,train,"A,B,C",3,"1,2,4,8,12,16,20,28,36",9,27
tase2-B_Vacancy-Anion-09A.png,tase2,train,"A,B,C",3,"1,2,4,8,12,16,20,28,36",9,27
tase2-B_Vacancy-Anion-09B.png,tase2,val,"A,B,C",3,"1,2,4,8,12,16,20,28,36",9,27
tase2-B_Vacancy-Anion-12A.png,tase2,train,"A,B,C",3,"1,2,4,8,12,16,20,28,36",9,27
tase2-B_Vacancy-Anion-12B.png,tase2,train,"A,B,C",3,"1,2,4,8,12,16,20,28,36",9,27
tase2-B_Vacancy-Metal.png,tase2,train,"A,B,C",3,"1,2,4,8,12,16,20,28,36",9,27
tate2-A_Anti-2M.png,tate2,train,"A,B,C",3,"1,2,4,8,12,16,20,28,36",9,27
tate2-A_Anti-Anion.png,tate2,train,"A,B,C",3,"1,2,4,8,12,16,20,28,36",9,27
tate2-A_Anti-Metal.png,tate2,train,"A,B,C",3,"1,2,4,8,12,16,20,28,36",9,27
tate2-A_Cu_doped.png,tate2,train,"A,B,C",3,"1,2,4,8,12,16,20,28,36",9,27
tate2-A_Defect-Free.png,tate2,train,"A,B,C",3,"1,2,4,8,12,16,20,28,36",9,27
tate2-A_Doped-Li.png,tate2,test,"A,B,C",3,"1,2,4,8,12,16,20,28,36",9,27
tate2-A_Fe_doped.png,tate2,val,"A,B,C",3,"1,2,4,8,12,16,20,28,36",9,27
tate2-A_Ni_doped.png,tate2,train,"A,B,C",3,"1,2,4,8,12,16,20,28,36",9,27
tate2-A_Ti_doped.png,tate2,train,"A,B,C",3,"1,2,4,8,12,16,20,28,36",9,27
tate2-A_Vacancy-Anion-03.png,tate2,train,"A,B,C",3,"1,2,4,8,12,16,20,28,36",9,27
tate2-A_Vacancy-Anion-06A.png,tate2,train,"A,B,C",3,"1,2,4,8,12,16,20,28,36",9,27
tate2-A_Vacancy-Anion-06B.png,tate2,train,"A,B,C",3,"1,2,4,8,12,16,20,28,36",9,27
tate2-A_Vacancy-Anion-09A.png,tate2,train,"A,B,C",3,"1,2,4,8,12,16,20,28,36",9,27
tate2-A_Vacancy-Anion-09B.png,tate2,train,"A,B,C",3,"1,2,4,8,12,16,20,28,36",9,27
tate2-A_Vacancy-Anion-12A.png,tate2,train,"A,B,C",3,"1,2,4,8,12,16,20,28,36",9,27
tate2-A_Vacancy-Anion-12B.png,tate2,train,"A,B,C",3,"1,2,4,8,12,16,20,28,36",9,27
tate2-A_Vacancy-Metal.png,tate2,train,"A,B,C",3,"1,2,4,8,12,16,20,28,36",9,27
tate2-B_Anti-Anion.png,tate2,val,"A,B,C",3,"1,2,4,8,12,16,20,28,36",9,27
tate2-B_Anti-Metal.png,tate2,val,"A,B,C",3,"1,2,4,8,12,16,20,28,36",9,27
tate2-B_Cu_doped.png,tate2,test,"A,B,C",3,"1,2,4,8,12,16,20,28,36",9,27
tate2-B_Defect-Free.png,tate2,train,"A,B,C",3,"1,2,4,8,12,16,20,28,36",9,27
tate2-B_Doped-Li.png,tate2,train,"A,B,C",3,"1,2,4,8,12,16,20,28,36",9,27
tate2-B_Fe_doped.png,tate2,test,"A,B,C",3,"1,2,4,8,12,16,20,28,36",9,27
tate2-B_Int-Anion.png,tate2,test,"A,B,C",3,"1,2,4,8,12,16,20,28,36",9,27
tate2-B_Int-Metal.png,tate2,train,"A,B,C",3,"1,2,4,8,12,16,20,28,36",9,27
tate2-B_Ni_doped.png,tate2,train,"A,B,C",3,"1,2,4,8,12,16,20,28,36",9,27
tate2-B_Ti_doped.png,tate2,train,"A,B,C",3,"1,2,4,8,12,16,20,28,36",9,27
tate2-B_Vacancy-Anion-03.png,tate2,train,"A,B,C",3,"1,2,4,8,12,16,20,28,36",9,27
tate2-B_Vacancy-Anion-06A.png,tate2,train,"A,B,C",3,"1,2,4,8,12,16,20,28,36",9,27
tate2-B_Vacancy-Anion-06B.png,tate2,train,"A,B,C",3,"1,2,4,8,12,16,20,28,36",9,27
tate2-B_Vacancy-Anion-09A.png,tate2,train,"A,B,C",3,"1,2,4,8,12,16,20,28,36",9,27
tate2-B_Vacancy-Anion-09B.png,tate2,train,"A,B,C",3,"1,2,4,8,12,16,20,28,36",9,27
tate2-B_Vacancy-Anion-12A.png,tate2,val,"A,B,C",3,"1,2,4,8,12,16,20,28,36",9,27
tate2-B_Vacancy-Anion-12B.png,tate2,train,"A,B,C",3,"1,2,4,8,12,16,20,28,36",9,27
tate2-B_Vacancy-Metal.png,tate2,train,"A,B,C",3,"1,2,4,8,12,16,20,28,36",9,27
tis2_Adatom-K.png,tis2,train,"A,B,C",3,"1,2,4,8,12,16,20,28,36",9,27
tis2_Adatom-Li.png,tis2,train,"A,B,C",3,"1,2,4,8,12,16,20,28,36",9,27
tis2_Adatom-Na.png,tis2,train,"A,B,C",3,"1,2,4,8,12,16,20,28,36",9,27
tis2_Anti-Anion.png,tis2,train,"A,B,C",3,"1,2,4,8,12,16,20,28,36",9,27
tis2_Anti-Metal.png,tis2,test,"A,B,C",3,"1,2,4,8,12,16,20,28,36",9,27
tis2_Cu_doped.png,tis2,train,"A,B,C",3,"1,2,4,8,12,16,20,28,36",9,27
tis2_Defect-Free.png,tis2,train,"A,B,C",3,"1,2,4,8,12,16,20,28,36",9,27
tis2_Nb_doped.png,tis2,train,"A,B,C",3,"1,2,4,8,12,16,20,28,36",9,27
tis2_V_doped.png,tis2,train,"A,B,C",3,"1,2,4,8,12,16,20,28,36",9,27
tis2_Vacancy-Anion-03.png,tis2,train,"A,B,C",3,"1,2,4,8,12,16,20,28,36",9,27
tis2_Vacancy-Anion-06A.png,tis2,train,"A,B,C",3,"1,2,4,8,12,16,20,28,36",9,27
tis2_Vacancy-Anion-06B.png,tis2,train,"A,B,C",3,"1,2,4,8,12,16,20,28,36",9,27
tis2_Vacancy-Anion-09A.png,tis2,test,"A,B,C",3,"1,2,4,8,12,16,20,28,36",9,27
tis2_Vacancy-Anion-09B.png,tis2,train,"A,B,C",3,"1,2,4,8,12,16,20,28,36",9,27
tis2_Vacancy-Anion-12A.png,tis2,val,"A,B,C",3,"1,2,4,8,12,16,20,28,36",9,27
tis2_Vacancy-Anion-12B.png,tis2,train,"A,B,C",3,"1,2,4,8,12,16,20,28,36",9,27
tis2_Vacancy-Metal.png,tis2,train,"A,B,C",3,"1,2,4,8,12,16,20,28,36",9,27
tis2_Zr_doped.png,tis2,val,"A,B,C",3,"1,2,4,8,12,16,20,28,36",9,27
tise2_Adatom-K.png,tise2,train,"A,B,C",3,"1,2,4,8,12,16,20,28,36",9,27
tise2_Adatom-Li.png,tise2,val,"A,B,C",3,"1,2,4,8,12,16,20,28,36",9,27
tise2_Adatom-Na.png,tise2,train,"A,B,C",3,"1,2,4,8,12,16,20,28,36",9,27
tise2_Anti-Anion.png,tise2,train,"A,B,C",3,"1,2,4,8,12,16,20,28,36",9,27
tise2_Anti-Metal.png,tise2,train,"A,B,C",3,"1,2,4,8,12,16,20,28,36",9,27
tise2_Cu_doped.png,tise2,train,"A,B,C",3,"1,2,4,8,12,16,20,28,36",9,27
tise2_Defect-Free.png,tise2,train,"A,B,C",3,"1,2,4,8,12,16,20,28,36",9,27
tise2_Nb_doped.png,tise2,train,"A,B,C",3,"1,2,4,8,12,16,20,28,36",9,27
tise2_V_doped.png,tise2,val,"A,B,C",3,"1,2,4,8,12,16,20,28,36",9,27
tise2_Vacancy-Anion-03.png,tise2,train,"A,B,C",3,"1,2,4,8,12,16,20,28,36",9,27
tise2_Vacancy-Anion-06A.png,tise2,train,"A,B,C",3,"1,2,4,8,12,16,20,28,36",9,27
tise2_Vacancy-Anion-06B.png,tise2,train,"A,B,C",3,"1,2,4,8,12,16,20,28,36",9,27
tise2_Vacancy-Anion-09A.png,tise2,train,"A,B,C",3,"1,2,4,8,12,16,20,28,36",9,27
tise2_Vacancy-Anion-09B.png,tise2,train,"A,B,C",3,"1,2,4,8,12,16,20,28,36",9,27
tise2_Vacancy-Anion-12A.png,tise2,train,"A,B,C",3,"1,2,4,8,12,16,20,28,36",9,27
tise2_Vacancy-Anion-12B.png,tise2,test,"A,B,C",3,"1,2,4,8,12,16,20,28,36",9,27
tise2_Vacancy-Metal.png,tise2,train,"A,B,C",3,"1,2,4,8,12,16,20,28,36",9,27
tise2_Zr_doped.png,tise2,test,"A,B,C",3,"1,2,4,8,12,16,20,28,36",9,27
tite2-A_Defect-Free.png,tite2,train,"A,B,C",3,"1,2,4,8,12,16,20,28,36",9,27
tite2-A_Vacancy-Anion-03.png,tite2,train,"A,B,C",3,"1,2,4,8,12,16,20,28,36",9,27
tite2-A_Vacancy-Metal.png,tite2,test,"A,B,C",3,"1,2,4,8,12,16,20,28,36",9,27
tite2-B_Adatom-K.png,tite2,train,"A,B,C",3,"1,2,4,8,12,16,20,28,36",9,27
tite2-B_Adatom-Li.png,tite2,train,"A,B,C",3,"1,2,4,8,12,16,20,28,36",9,27
tite2-B_Adatom-Na.png,tite2,train,"A,B,C",3,"1,2,4,8,12,16,20,28,36",9,27
tite2-B_Anti-Anion.png,tite2,train,"A,B,C",3,"1,2,4,8,12,16,20,28,36",9,27
tite2-B_Anti-Metal.png,tite2,train,"A,B,C",3,"1,2,4,8,12,16,20,28,36",9,27
tite2-B_Cu_doped.png,tite2,val,"A,B,C",3,"1,2,4,8,12,16,20,28,36",9,27
tite2-B_Defect-Free.png,tite2,train,"A,B,C",3,"1,2,4,8,12,16,20,28,36",9,27
tite2-B_Nb_doped.png,tite2,train,"A,B,C",3,"1,2,4,8,12,16,20,28,36",9,27
tite2-B_V_doped.png,tite2,test,"A,B,C",3,"1,2,4,8,12,16,20,28,36",9,27
tite2-B_Vacancy-Anion-03.png,tite2,train,"A,B,C",3,"1,2,4,8,12,16,20,28,36",9,27
tite2-B_Vacancy-Anion-06A.png,tite2,val,"A,B,C",3,"1,2,4,8,12,16,20,28,36",9,27
tite2-B_Vacancy-Anion-06B.png,tite2,train,"A,B,C",3,"1,2,4,8,12,16,20,28,36",9,27
tite2-B_Vacancy-Anion-09A.png,tite2,train,"A,B,C",3,"1,2,4,8,12,16,20,28,36",9,27
tite2-B_Vacancy-Anion-09B.png,tite2,train,"A,B,C",3,"1,2,4,8,12,16,20,28,36",9,27
tite2-B_Vacancy-Anion-12A.png,tite2,train,"A,B,C",3,"1,2,4,8,12,16,20,28,36",9,27
tite2-B_Vacancy-Anion-12B.png,tite2,train,"A,B,C",3,"1,2,4,8,12,16,20,28,36",9,27
tite2-B_Vacancy-Metal.png,tite2,train,"A,B,C",3,"1,2,4,8,12,16,20,28,36",9,27
tite2-B_Zr_doped.png,tite2,train,"A,B,C",3,"1,2,4,8,12,16,20,28,36",9,27
vo2_Defect-Free.png,vo2,train,"A,B,C",3,"1,2,4,8,12,16,20,28,36",9,27
vo2_Vacancy-Anion-03.png,vo2,val,"A,B,C",3,"1,2,4,8,12,16,20,28,36",9,27
vo2_Vacancy-Metal.png,vo2,test,"A,B,C",3,"1,2,4,8,12,16,20,28,36",9,27
vs2_Adatom-Li.png,vs2,train,"A,B,C",3,"1,2,4,8,12,16,20,28,36",9,27
vs2_Adatom-Na.png,vs2,train,"A,B,C",3,"1,2,4,8,12,16,20,28,36",9,27
vs2_Anti-2M.png,vs2,test,"A,B,C",3,"1,2,4,8,12,16,20,28,36",9,27
vs2_Anti-Anion.png,vs2,train,"A,B,C",3,"1,2,4,8,12,16,20,28,36",9,27
vs2_Anti-Metal.png,vs2,train,"A,B,C",3,"1,2,4,8,12,16,20,28,36",9,27
vs2_Defect-Free.png,vs2,train,"A,B,C",3,"1,2,4,8,12,16,20,28,36",9,27
vs2_Mo_adatom.png,vs2,train,"A,B,C",3,"1,2,4,8,12,16,20,28,36",9,27
vs2_Nb_adatom.png,vs2,train,"A,B,C",3,"1,2,4,8,12,16,20,28,36",9,27
vs2_V_adatom.png,vs2,test,"A,B,C",3,"1,2,4,8,12,16,20,28,36",9,27
vs2_Vacancy-Anion-03.png,vs2,train,"A,B,C",3,"1,2,4,8,12,16,20,28,36",9,27
vs2_Vacancy-Anion-06A.png,vs2,val,"A,B,C",3,"1,2,4,8,12,16,20,28,36",9,27
vs2_Vacancy-Anion-06B.png,vs2,train,"A,B,C",3,"1,2,4,8,12,16,20,28,36",9,27
vs2_Vacancy-Anion-09A.png,vs2,train,"A,B,C",3,"1,2,4,8,12,16,20,28,36",9,27
vs2_Vacancy-Anion-09B.png,vs2,train,"A,B,C",3,"1,2,4,8,12,16,20,28,36",9,27
vs2_Vacancy-Anion-12A.png,vs2,val,"A,B,C",3,"1,2,4,8,12,16,20,28,36",9,27
vs2_Vacancy-Anion-12B.png,vs2,train,"A,B,C",3,"1,2,4,8,12,16,20,28,36",9,27
vs2_Vacancy-Metal.png,vs2,train,"A,B,C",3,"1,2,4,8,12,16,20,28,36",9,27
vse2-A_Adatom-Li.png,vse2,train,"A,B,C",3,"1,2,4,8,12,16,20,28,36",9,27
vse2-A_Adatom-Na.png,vse2,train,"A,B,C",3,"1,2,4,8,12,16,20,28,36",9,27
vse2-A_Anti-2M.png,vse2,train,"A,B,C",3,"1,2,4,8,12,16,20,28,36",9,27
vse2-A_Anti-Anion.png,vse2,test,"A,B,C",3,"1,2,4,8,12,16,20,28,36",9,27
vse2-A_Anti-Metal.png,vse2,train,"A,B,C",3,"1,2,4,8,12,16,20,28,36",9,27
vse2-A_Defect-Free.png,vse2,test,"A,B,C",3,"1,2,4,8,12,16,20,28,36",9,27
vse2-A_Mo_adatom.png,vse2,test,"A,B,C",3,"1,2,4,8,12,16,20,28,36",9,27
vse2-A_Nb_adatom.png,vse2,train,"A,B,C",3,"1,2,4,8,12,16,20,28,36",9,27
vse2-A_V_adatom.png,vse2,train,"A,B,C",3,"1,2,4,8,12,16,20,28,36",9,27
vse2-A_Vacancy-Anion-03.png,vse2,train,"A,B,C",3,"1,2,4,8,12,16,20,28,36",9,27
vse2-A_Vacancy-Anion-06A.png,vse2,val,"A,B,C",3,"1,2,4,8,12,16,20,28,36",9,27
vse2-A_Vacancy-Anion-06B.png,vse2,val,"A,B,C",3,"1,2,4,8,12,16,20,28,36",9,27
vse2-A_Vacancy-Anion-09A.png,vse2,train,"A,B,C",3,"1,2,4,8,12,16,20,28,36",9,27
vse2-A_Vacancy-Anion-09B.png,vse2,train,"A,B,C",3,"1,2,4,8,12,16,20,28,36",9,27
vse2-A_Vacancy-Anion-12A.png,vse2,train,"A,B,C",3,"1,2,4,8,12,16,20,28,36",9,27
vse2-A_Vacancy-Anion-12B.png,vse2,train,"A,B,C",3,"1,2,4,8,12,16,20,28,36",9,27
vse2-A_Vacancy-Metal.png,vse2,train,"A,B,C",3,"1,2,4,8,12,16,20,28,36",9,27
vse2-B_Adatom-Li.png,vse2,train,"A,B,C",3,"1,2,4,8,12,16,20,28,36",9,27
vse2-B_Adatom-Na.png,vse2,train,"A,B,C",3,"1,2,4,8,12,16,20,28,36",9,27
vse2-B_Anti-2M.png,vse2,val,"A,B,C",3,"1,2,4,8,12,16,20,28,36",9,27
vse2-B_Anti-Anion.png,vse2,train,"A,B,C",3,"1,2,4,8,12,16,20,28,36",9,27
vse2-B_Anti-Metal.png,vse2,train,"A,B,C",3,"1,2,4,8,12,16,20,28,36",9,27
vse2-B_Defect-Free.png,vse2,train,"A,B,C",3,"1,2,4,8,12,16,20,28,36",9,27
vse2-B_Int-Anion.png,vse2,train,"A,B,C",3,"1,2,4,8,12,16,20,28,36",9,27
vse2-B_Int-Metal.png,vse2,train,"A,B,C",3,"1,2,4,8,12,16,20,28,36",9,27
vse2-B_Mo_adatom.png,vse2,train,"A,B,C",3,"1,2,4,8,12,16,20,28,36",9,27
vse2-B_Nb_adatom.png,vse2,train,"A,B,C",3,"1,2,4,8,12,16,20,28,36",9,27
vse2-B_V_adatom.png,vse2,train,"A,B,C",3,"1,2,4,8,12,16,20,28,36",9,27
vse2-B_Vacancy-Anion-03.png,vse2,train,"A,B,C",3,"1,2,4,8,12,16,20,28,36",9,27
vse2-B_Vacancy-Anion-06A.png,vse2,test,"A,B,C",3,"1,2,4,8,12,16,20,28,36",9,27
vse2-B_Vacancy-Anion-06B.png,vse2,train,"A,B,C",3,"1,2,4,8,12,16,20,28,36",9,27
vse2-B_Vacancy-Anion-09A.png,vse2,train,"A,B,C",3,"1,2,4,8,12,16,20,28,36",9,27
vse2-B_Vacancy-Anion-09B.png,vse2,val,"A,B,C",3,"1,2,4,8,12,16,20,28,36",9,27
vse2-B_Vacancy-Anion-12A.png,vse2,train,"A,B,C",3,"1,2,4,8,12,16,20,28,36",9,27
vse2-B_Vacancy-Anion-12B.png,vse2,train,"A,B,C",3,"1,2,4,8,12,16,20,28,36",9,27
vse2-B_Vacancy-Metal.png,vse2,train,"A,B,C",3,"1,2,4,8,12,16,20,28,36",9,27
vte2_Adatom-Li.png,vte2,train,"A,B,C",3,"1,2,4,8,12,16,20,28,36",9,27
vte2_Adatom-Na.png,vte2,train,"A,B,C",3,"1,2,4,8,12,16,20,28,36",9,27
vte2_Anti-Anion.png,vte2,test,"A,B,C",3,"1,2,4,8,12,16,20,28,36",9,27
vte2_Anti-Metal.png,vte2,train,"A,B,C",3,"1,2,4,8,12,16,20,28,36",9,27
vte2_Defect-Free.png,vte2,val,"A,B,C",3,"1,2,4,8,12,16,20,28,36",9,27
vte2_Mo_adatom.png,vte2,train,"A,B,C",3,"1,2,4,8,12,16,20,28,36",9,27
vte2_Nb_adatom.png,vte2,train,"A,B,C",3,"1,2,4,8,12,16,20,28,36",9,27
vte2_V_adatom.png,vte2,test,"A,B,C",3,"1,2,4,8,12,16,20,28,36",9,27
vte2_Vacancy-Anion-03.png,vte2,train,"A,B,C",3,"1,2,4,8,12,16,20,28,36",9,27
vte2_Vacancy-Anion-06A.png,vte2,train,"A,B,C",3,"1,2,4,8,12,16,20,28,36",9,27
vte2_Vacancy-Anion-06B.png,vte2,train,"A,B,C",3,"1,2,4,8,12,16,20,28,36",9,27
vte2_Vacancy-Anion-09A.png,vte2,train,"A,B,C",3,"1,2,4,8,12,16,20,28,36",9,27
vte2_Vacancy-Anion-09B.png,vte2,val,"A,B,C",3,"1,2,4,8,12,16,20,28,36",9,27
vte2_Vacancy-Anion-12A.png,vte2,train,"A,B,C",3,"1,2,4,8,12,16,20,28,36",9,27
vte2_Vacancy-Anion-12B.png,vte2,train,"A,B,C",3,"1,2,4,8,12,16,20,28,36",9,27
vte2_Vacancy-Metal.png,vte2,train,"A,B,C",3,"1,2,4,8,12,16,20,28,36",9,27
ws2-A_Anti-Anion.png,ws2,train,"A,B,C",3,"1,2,4,8,12,16,20,28,36",9,27
ws2-A_Anti-Metal.png,ws2,train,"A,B,C",3,"1,2,4,8,12,16,20,28,36",9,27
ws2-A_Cr_doped.png,ws2,train,"A,B,C",3,"1,2,4,8,12,16,20,28,36",9,27
ws2-A_Defect-Free.png,ws2,train,"A,B,C",3,"1,2,4,8,12,16,20,28,36",9,27
ws2-A_Doped-O.png,ws2,train,"A,B,C",3,"1,2,4,8,12,16,20,28,36",9,27
ws2-A_Mo_doped.png,ws2,train,"A,B,C",3,"1,2,4,8,12,16,20,28,36",9,27
ws2-A_Re_doped.png,ws2,train,"A,B,C",3,"1,2,4,8,12,16,20,28,36",9,27
ws2-A_Vacancy-Anion-03.png,ws2,train,"A,B,C",3,"1,2,4,8,12,16,20,28,36",9,27
ws2-A_Vacancy-Anion-06A.png,ws2,test,"A,B,C",3,"1,2,4,8,12,16,20,28,36",9,27
ws2-A_Vacancy-Anion-06B.png,ws2,test,"A,B,C",3,"1,2,4,8,12,16,20,28,36",9,27
ws2-A_Vacancy-Metal.png,ws2,val,"A,B,C",3,"1,2,4,8,12,16,20,28,36",9,27
ws2-B_Anti-Anion.png,ws2,train,"A,B,C",3,"1,2,4,8,12,16,20,28,36",9,27
ws2-B_Anti-Metal.png,ws2,train,"A,B,C",3,"1,2,4,8,12,16,20,28,36",9,27
ws2-B_Cr_doped.png,ws2,train,"A,B,C",3,"1,2,4,8,12,16,20,28,36",9,27
ws2-B_Defect-Free.png,ws2,train,"A,B,C",3,"1,2,4,8,12,16,20,28,36",9,27
ws2-B_Doped-O.png,ws2,train,"A,B,C",3,"1,2,4,8,12,16,20,28,36",9,27
ws2-B_Mo_doped.png,ws2,train,"A,B,C",3,"1,2,4,8,12,16,20,28,36",9,27
ws2-B_Re_doped.png,ws2,train,"A,B,C",3,"1,2,4,8,12,16,20,28,36",9,27
ws2-B_Vacancy-Anion-03.png,ws2,train,"A,B,C",3,"1,2,4,8,12,16,20,28,36",9,27
ws2-B_Vacancy-Anion-06A.png,ws2,train,"A,B,C",3,"1,2,4,8,12,16,20,28,36",9,27
ws2-B_Vacancy-Anion-06B.png,ws2,train,"A,B,C",3,"1,2,4,8,12,16,20,28,36",9,27
ws2-B_Vacancy-Metal.png,ws2,val,"A,B,C",3,"1,2,4,8,12,16,20,28,36",9,27
ws2-C_Anti-Anion.png,ws2-C,train,"A,B,C",3,"1,2,4,8,12,16,20,28,36",9,27
ws2-C_Anti-Metal.png,ws2-C,train,"A,B,C",3,"1,2,4,8,12,16,20,28,36",9,27
ws2-C_Cr_doped.png,ws2-C,train,"A,B,C",3,"1,2,4,8,12,16,20,28,36",9,27
ws2-C_Defect-Free.png,ws2-C,val,"A,B,C",3,"1,2,4,8,12,16,20,28,36",9,27
ws2-C_Mo_doped.png,ws2-C,train,"A,B,C",3,"1,2,4,8,12,16,20,28,36",9,27
ws2-C_O_doped.png,ws2-C,train,"A,B,C",3,"1,2,4,8,12,16,20,28,36",9,27
ws2-C_Re_doped.png,ws2-C,train,"A,B,C",3,"1,2,4,8,12,16,20,28,36",9,27
ws2-C_V48_V38.png,ws2-C,train,"A,B,C",3,"1,2,4,8,12,16,20,28,36",9,27
ws2-C_V48_V44.png,ws2-C,train,"A,B,C",3,"1,2,4,8,12,16,20,28,36",9,27
ws2-C_Vacancy-Anion.png,ws2-C,train,"A,B,C",3,"1,2,4,8,12,16,20,28,36",9,27
ws2-C_Vacancy-Metal.png,ws2-C,test,"A,B,C",3,"1,2,4,8,12,16,20,28,36",9,27
wse2_Anti-Anion.png,wse2,train,"A,B,C",3,"1,2,4,8,12,16,20,28,36",9,27
wse2_Anti-Metal.png,wse2,train,"A,B,C",3,"1,2,4,8,12,16,20,28,36",9,27
wse2_Cr_doped.png,wse2,train,"A,B,C",3,"1,2,4,8,12,16,20,28,36",9,27
wse2_Defect-Free.png,wse2,train,"A,B,C",3,"1,2,4,8,12,16,20,28,36",9,27
wse2_Doped-O.png,wse2,train,"A,B,C",3,"1,2,4,8,12,16,20,28,36",9,27
wse2_Mo_doped.png,wse2,train,"A,B,C",3,"1,2,4,8,12,16,20,28,36",9,27
wse2_Re_doped.png,wse2,test,"A,B,C",3,"1,2,4,8,12,16,20,28,36",9,27
wse2_Vacancy-Anion-03.png,wse2,train,"A,B,C",3,"1,2,4,8,12,16,20,28,36",9,27
wse2_Vacancy-Anion-06A.png,wse2,val,"A,B,C",3,"1,2,4,8,12,16,20,28,36",9,27
wse2_Vacancy-Anion-06B.png,wse2,train,"A,B,C",3,"1,2,4,8,12,16,20,28,36",9,27
wse2_Vacancy-Metal.png,wse2,train,"A,B,C",3,"1,2,4,8,12,16,20,28,36",9,27
wte2_Anti-Anion.png,wte2,train,"A,B,C",3,"1,2,4,8,12,16,20,28,36",9,27
wte2_Anti-Metal.png,wte2,train,"A,B,C",3,"1,2,4,8,12,16,20,28,36",9,27
wte2_Cr_doped.png,wte2,train,"A,B,C",3,"1,2,4,8,12,16,20,28,36",9,27
wte2_Defect-Free.png,wte2,train,"A,B,C",3,"1,2,4,8,12,16,20,28,36",9,27
wte2_Doped-O.png,wte2,train,"A,B,C",3,"1,2,4,8,12,16,20,28,36",9,27
wte2_Mo_doped.png,wte2,val,"A,B,C",3,"1,2,4,8,12,16,20,28,36",9,27
wte2_Re_doped.png,wte2,train,"A,B,C",3,"1,2,4,8,12,16,20,28,36",9,27
wte2_Vacancy-Anion-03.png,wte2,train,"A,B,C",3,"1,2,4,8,12,16,20,28,36",9,27
wte2_Vacancy-Anion-06A.png,wte2,train,"A,B,C",3,"1,2,4,8,12,16,20,28,36",9,27
wte2_Vacancy-Anion-06B.png,wte2,test,"A,B,C",3,"1,2,4,8,12,16,20,28,36",9,27
wte2_Vacancy-Metal.png,wte2,train,"A,B,C",3,"1,2,4,8,12,16,20,28,36",9,27
zro2_Defect-Free.png,zro2,val,"A,B,C",3,"1,2,4,8,12,16,20,28,36",9,27
zro2_Vacancy-Anion-03.png,zro2,test,"A,B,C",3,"1,2,4,8,12,16,20,28,36",9,27
zro2_Vacancy-Metal.png,zro2,train,"A,B,C",3,"1,2,4,8,12,16,20,28,36",9,27
zrs2_Cr_doped.png,zrs2,train,"A,B,C",3,"1,2,4,8,12,16,20,28,36",9,27
zrs2_Cu_doped.png,zrs2,train,"A,B,C",3,"1,2,4,8,12,16,20,28,36",9,27
zrs2_Defect-Free.png,zrs2,train,"A,B,C",3,"1,2,4,8,12,16,20,28,36",9,27
zrs2_Ni_doped.png,zrs2,train,"A,B,C",3,"1,2,4,8,12,16,20,28,36",9,27
zrs2_Vacancy-Anion-03.png,zrs2,val,"A,B,C",3,"1,2,4,8,12,16,20,28,36",9,27
zrs2_Vacancy-Metal.png,zrs2,test,"A,B,C",3,"1,2,4,8,12,16,20,28,36",9,27
zrse2_Defect-Free.png,zrse2,test,"A,B,C",3,"1,2,4,8,12,16,20,28,36",9,27
zrse2_Vacancy-Anion-03.png,zrse2,val,"A,B,C",3,"1,2,4,8,12,16,20,28,36",9,27
zrse2_Vacancy-Metal.png,zrse2,train,"A,B,C",3,"1,2,4,8,12,16,20,28,36",9,27
zrte2_Cr_doped.png,zrte2,train,"A,B",2,"1,2,4,8,12,16,20,28,36",9,16
