family,level,psnr_med,ssim_med,kl_med,psnr_q25,ssim_q25,kl_q25,psnr_q75,ssim_q75,kl_q75,n
cose2,1,33.8227,0.9112,0.0049,31.2784,0.9047,0.0031,35.6308,0.9205,0.0076,33
cose2,2,31.5395,0.9088,0.0057,29.3944,0.8991,0.0046,33.3176,0.9163,0.0101,33
cose2,4,29.0515,0.9019,0.0081,26.825,0.8929,0.006,31.0577,0.9099,0.0152,33
cose2,8,24.7515,0.8726,0.0235,22.7899,0.8635,0.0134,25.733,0.8875,0.082,33
cose2,12,23.1064,0.8545,0.032,20.7909,0.8243,0.017,24.6344,0.8806,0.0976,33
cose2,16,21.8003,0.8407,0.0608,20.7774,0.8043,0.0262,23.5511,0.856,0.1072,33
cose2,20,21.6056,0.8264,0.0509,20.4847,0.8041,0.0334,24.3102,0.8561,0.1239,33
cose2,28,20.1328,0.7953,0.095,18.9365,0.7686,0.0628,22.4134,0.8453,0.2092,33
cose2,36,18.7524,0.7586,0.169,16.9667,0.6844,0.1064,21.4865,0.7904,0.3093,33
cro2,1,27.205,0.6404,0.0364,25.747,0.6192,0.0198,28.1853,0.6597,0.0544,24
cro2,2,25.9498,0.6356,0.0361,24.5555,0.6183,0.0145,27.8111,0.6611,0.0579,24
cro2,4,23.1287,0.6276,0.0435,22.1475,0.6067,0.0279,27.1062,0.6562,0.0575,24
cro2,8,21.4785,0.6085,0.0467,20.4652,0.6016,0.0307,23.8023,0.6544,0.0609,24
cro2,12,19.6734,0.597,0.0535,19.1431,0.5802,0.0301,24.9937,0.6436,0.0772,24
cro2,16,18.3809,0.5758,0.0831,17.0786,0.5518,0.0561,21.8283,0.6372,0.0986,24
cro2,20,17.6897,0.5738,0.0847,16.5543,0.5525,0.064,21.1781,0.6297,0.1011,24
cro2,28,18.0999,0.5867,0.1126,16.5805,0.5424,0.0717,22.8307,0.6353,0.137,24
cro2,36,15.3794,0.5275,0.1788,15.0249,0.505,0.1482,16.8083,0.5734,0.1954,24
crse2,1,29.687,0.7658,0.0146,28.2036,0.7522,0.0102,31.3591,0.8102,0.0192,33
crse2,2,29.4552,0.761,0.0142,26.4177,0.752,0.0113,30.3207,0.8071,0.0207,33
crse2,4,27.5022,0.7606,0.0171,24.4612,0.7375,0.0141,29.3409,0.8034,0.0213,33
crse2,8,23.6963,0.7463,0.0251,20.8652,0.7085,0.0199,25.7967,0.7804,0.0457,33
crse2,12,23.0288,0.7376,0.0379,19.7703,0.6972,0.0234,24.2062,0.7603,0.0623,33
crse2,16,20.5217,0.7339,0.0626,18.74,0.676,0.0363,23.3342,0.7579,0.0805,33
crse2,20,20.9496,0.7238,0.066,18.2987,0.683,0.0494,22.6025,0.7496,0.0932,33
crse2,28,18.8219,0.6925,0.1119,16.242,0.6312,0.0527,20.349,0.7535,0.1315,33
crse2,36,18.3598,0.6705,0.1418,15.8036,0.6255,0.0918,20.1034,0.7023,0.1741,33
crte2,1,31.9634,0.861,0.006,31.1553,0.8375,0.0034,33.3845,0.8769,0.0084,33
crte2,2,30.7731,0.8592,0.0068,28.6731,0.8344,0.0046,32.4797,0.8747,0.0087,33
crte2,4,28.6661,0.8574,0.0083,26.9582,0.8286,0.006,30.9517,0.8712,0.0106,33
crte2,8,25.1235,0.8363,0.0199,22.3688,0.8026,0.0128,26.905,0.8549,0.0436,33
crte2,12,23.787,0.8294,0.0325,21.762,0.796,0.0171,27.8742,0.8562,0.0687,33
crte2,16,21.5398,0.804,0.0605,19.4828,0.7698,0.0272,23.4531,0.8283,0.1126,33
crte2,20,21.106,0.7939,0.0696,19.3575,0.7564,0.0384,23.6447,0.82,0.1165,33
crte2,28,19.6703,0.7675,0.1033,17.8089,0.7196,0.0729,22.8072,0.7898,0.1495,33
crte2,36,18.153,0.7381,0.129,16.8886,0.6996,0.0854,20.4798,0.7793,0.1777,33
cus2,1,31.7295,0.7569,0.0282,30.0614,0.7179,0.0146,33.2373,0.823,0.0404,18
cus2,2,30.4405,0.7508,0.0255,28.1893,0.7174,0.0144,31.5799,0.8217,0.0457,18
cus2,4,28.1395,0.7488,0.0297,25.5856,0.709,0.0169,30.0491,0.8103,0.0426,18
cus2,8,25.5272,0.7195,0.0362,23.5342,0.6925,0.0197,28.7159,0.7944,0.0567,18
cus2,12,24.0089,0.7296,0.0431,22.4585,0.6911,0.0293,28.9753,0.7834,0.0624,18
cus2,16,23.1356,0.7217,0.0421,21.0423,0.6747,0.0325,26.3861,0.7646,0.0867,18
cus2,20,22.6686,0.7179,0.0751,20.3623,0.66,0.0385,24.8677,0.751,0.1017,18
cus2,28,20.5238,0.6564,0.1085,18.6036,0.614,0.0771,22.3463,0.7086,0.2021,18
cus2,36,19.6291,0.675,0.1401,18.5728,0.6175,0.1003,22.6922,0.7146,0.1543,18
cuse2,1,31.4593,0.807,0.0121,30.063,0.7805,0.0083,33.5411,0.8346,0.0136,18
cuse2,2,29.971,0.8071,0.0147,29.1614,0.7671,0.0097,31.1233,0.8309,0.0164,18
cuse2,4,27.977,0.7964,0.0156,26.0765,0.773,0.0117,29.7583,0.8257,0.0209,18
cuse2,8,25.6858,0.782,0.0203,24.0669,0.7506,0.0161,27.1865,0.8189,0.0271,18
cuse2,12,22.3699,0.7576,0.0355,20.2998,0.7311,0.025,24.7843,0.7824,0.0678,18
cuse2,16,21.4635,0.7674,0.0548,20.7587,0.7306,0.0334,25.2598,0.7867,0.0848,18
cuse2,20,20.7739,0.7396,0.0652,18.1189,0.7009,0.0355,23.1219,0.762,0.099,18
cuse2,28,19.0564,0.7029,0.094,16.7937,0.654,0.0649,21.6325,0.7481,0.1096,18
cuse2,36,17.8681,0.672,0.1187,15.6679,0.638,0.091,20.5627,0.7113,0.2144,18
feo2,1,28.6601,0.6816,0.0255,28.5457,0.6694,0.0143,29.0734,0.6998,0.0344,15
feo2,2,26.2012,0.6776,0.0238,25.3582,0.6647,0.015,28.2393,0.6974,0.0417,15
feo2,4,24.1876,0.6672,0.0431,23.2415,0.662,0.0202,25.577,0.6753,0.061,15
feo2,8,23.2588,0.6648,0.0444,22.44,0.6445,0.027,28.1318,0.699,0.0554,15
feo2,12,23.6127,0.6565,0.0403,20.4913,0.635,0.0247,28.4777,0.6912,0.0562,15
feo2,16,20.0638,0.6246,0.0718,18.1939,0.6115,0.0415,22.2517,0.6615,0.1114,15
feo2,20,18.9301,0.6097,0.0826,18.3234,0.5984,0.062,21.4073,0.6342,0.165,15
feo2,28,17.7637,0.5892,0.1567,16.2557,0.5729,0.092,20.6142,0.6358,0.3213,15
feo2,36,17.4572,0.5859,0.1819,16.4193,0.5525,0.1158,20.9815,0.6251,0.3093,15
fes2,1,32.8781,0.918,0.0045,31.3259,0.9109,0.0036,35.9238,0.9289,0.0056,36
fes2,2,31.9468,0.9195,0.0049,30.6991,0.9076,0.0041,33.8444,0.9267,0.0067,36
fes2,4,28.6962,0.9093,0.0073,27.8341,0.9016,0.0053,30.6619,0.9207,0.0114,36
fes2,8,25.274,0.8866,0.0136,24.0161,0.8703,0.0095,26.3473,0.9066,0.036,36
fes2,12,24.3038,0.873,0.0187,23.413,0.8652,0.0134,26.781,0.8974,0.0315,36
fes2,16,22.775,0.8541,0.0309,21.1479,0.8394,0.0212,24.0665,0.8742,0.0506,36
fes2,20,21.085,0.8268,0.0601,20.084,0.811,0.0425,21.9151,0.8486,0.1341,36
fes2,28,20.1832,0.799,0.0707,19.0942,0.7912,0.063,22.9251,0.8226,0.1107,36
fes2,36,18.8976,0.7615,0.1159,17.7903,0.7402,0.0901,20.2204,0.7823,0.1734,36
ges2,1,29.5698,0.7582,0.0411,28.0798,0.7497,0.0177,30.5738,0.7611,0.0431,9
ges2,2,28.9405,0.7549,0.0417,27.3858,0.7531,0.0175,29.2888,0.7563,0.046,9
ges2,4,25.3858,0.7468,0.0443,24.9874,0.7415,0.0295,29.2475,0.7525,0.0471,9
ges2,8,24.9949,0.746,0.0469,22.4176,0.7299,0.0266,28.6438,0.7515,0.0492,9
ges2,12,21.3259,0.7211,0.0488,20.958,0.7121,0.0395,23.7282,0.7421,0.0757,9
ges2,16,20.4709,0.7029,0.0609,19.4961,0.6735,0.0412,21.1475,0.7234,0.1614,9
ges2,20,21.2846,0.7207,0.0576,19.1192,0.6884,0.0493,26.9497,0.7521,0.0665,9
ges2,28,18.5407,0.6619,0.1158,17.2746,0.6351,0.0816,19.8186,0.6875,0.2114,9
ges2,36,17.9565,0.6437,0.1447,16.6519,0.6124,0.1223,18.3116,0.6849,0.2542,9
gete2,1,32.8681,0.9261,0.0035,32.4985,0.9159,0.003,36.4512,0.9337,0.0057,9
gete2,2,32.0157,0.9241,0.0047,31.8189,0.9091,0.004,32.4159,0.9326,0.0054,9
gete2,4,28.6041,0.9153,0.0081,27.3002,0.8971,0.0061,30.3006,0.9214,0.0087,9
gete2,8,25.6655,0.9031,0.0143,25.2151,0.8899,0.0091,30.6236,0.9092,0.0199,9
gete2,12,24.2983,0.8773,0.0455,23.7661,0.8748,0.0227,25.6284,0.8882,0.0798,9
gete2,16,21.8367,0.8495,0.0542,21.1487,0.7951,0.0269,22.3845,0.8681,0.0713,9
gete2,20,21.1326,0.8388,0.0579,20.5388,0.7896,0.045,22.3004,0.8588,0.0965,9
gete2,28,19.3884,0.803,0.098,18.0563,0.6897,0.0832,19.859,0.8118,0.1863,9
gete2,36,19.0402,0.7954,0.1179,18.8093,0.7751,0.0594,29.6531,0.8684,0.1605,9
hfo2,1,35.4351,0.9206,0.005,31.9727,0.9062,0.0029,36.5112,0.934,0.008,21
hfo2,2,29.6798,0.9142,0.0061,28.0597,0.8982,0.0051,31.7013,0.927,0.0102,21
hfo2,4,27.8468,0.908,0.0123,26.0662,0.8908,0.0082,30.2273,0.9181,0.0203,21
hfo2,8,25.3615,0.8975,0.0146,23.5787,0.8709,0.0096,28.3148,0.9096,0.0364,21
hfo2,12,23.6783,0.8797,0.0303,22.1992,0.8535,0.0149,25.5918,0.8972,0.055,21
hfo2,16,21.5495,0.8432,0.0503,20.7192,0.834,0.0358,23.463,0.8686,0.0765,21
hfo2,20,20.7687,0.8308,0.0712,19.7417,0.8059,0.0368,22.2465,0.8429,0.1211,21
hfo2,28,18.9828,0.7902,0.1091,18.5768,0.7678,0.0765,20.9103,0.8098,0.2401,21
hfo2,36,18.1747,0.7575,0.1504,17.2569,0.7429,0.1006,20.7148,0.7919,0.2249,21
irte2,1,33.8684,0.8991,0.0051,33.4146,0.8972,0.0035,34.8522,0.9051,0.0052,9
irte2,2,29.4016,0.8921,0.0055,27.5221,0.8884,0.0048,30.965,0.9013,0.0092,9
irte2,4,27.7258,0.8868,0.0074,27.0948,0.8777,0.0062,33.0285,0.8973,0.0117,9
irte2,8,25.4527,0.8879,0.0073,24.9711,0.8631,0.0059,32.9226,0.8974,0.0256,9
irte2,12,23.3773,0.8581,0.0296,22.8294,0.8466,0.0172,25.4488,0.886,0.0464,9
irte2,16,22.7642,0.8683,0.0169,21.6728,0.8325,0.0042,34.5996,0.8966,0.0455,9
irte2,20,21.0292,0.8268,0.0432,20.886,0.8099,0.0277,26.0951,0.8692,0.0693,9
irte2,28,20.7602,0.8082,0.0721,19.0508,0.785,0.0446,21.4546,0.8263,0.0884,9
irte2,36,19.932,0.7903,0.0852,17.6197,0.7595,0.0212,26.6849,0.8757,0.1214,9
mno2,1,29.1014,0.6867,0.0276,28.5324,0.6772,0.0216,29.4235,0.6906,0.0374,12
mno2,2,25.9816,0.6796,0.0286,24.5876,0.667,0.0192,28.1322,0.6908,0.0404,12
mno2,4,23.9518,0.6661,0.0396,22.1705,0.646,0.0354,25.5117,0.6827,0.044,12
mno2,8,22.0965,0.648,0.0494,20.3088,0.6385,0.0401,23.7863,0.6743,0.0607,12
mno2,12,21.2575,0.6489,0.0432,20.6059,0.6246,0.0368,24.1931,0.6759,0.0582,12
mno2,16,19.9038,0.626,0.0588,18.4279,0.6007,0.0293,21.0582,0.6559,0.0898,12
mno2,20,19.3719,0.6137,0.0832,17.3011,0.5791,0.0615,19.9551,0.6344,0.1343,12
mno2,28,18.7451,0.5931,0.1303,16.8372,0.5668,0.0556,21.5972,0.6438,0.1651,12
mno2,36,17.1264,0.5833,0.1951,15.9083,0.5299,0.0488,22.8049,0.6628,0.3744,12
mns2,1,28.6374,0.7386,0.0416,27.7388,0.7239,0.0363,29.102,0.7473,0.0437,15
mns2,2,27.4043,0.7354,0.0423,26.8131,0.7211,0.0393,28.9668,0.7489,0.0445,15
mns2,4,24.4219,0.7274,0.0452,23.0146,0.708,0.0415,25.7377,0.7376,0.0554,15
mns2,8,22.7527,0.7067,0.0522,20.7356,0.6958,0.047,24.143,0.7221,0.0604,15
mns2,12,21.1389,0.6997,0.0598,20.2305,0.6841,0.0471,23.9979,0.721,0.0722,15
mns2,16,19.7498,0.6823,0.0657,19.1879,0.6642,0.0554,21.8813,0.7014,0.091,15
mns2,20,18.5497,0.6719,0.0833,18.2179,0.644,0.0648,20.4677,0.6845,0.1245,15
mns2,28,16.8737,0.6361,0.1368,14.3235,0.5611,0.1064,17.7593,0.6537,0.2151,15
mns2,36,16.0547,0.6095,0.154,14.9481,0.5767,0.1325,18.1244,0.6342,0.2035,15
mnse2,1,29.962,0.8367,0.0078,28.7289,0.7626,0.0035,33.6164,0.9069,0.0209,18
mnse2,2,29.7929,0.8217,0.0097,26.5909,0.7498,0.0069,31.9667,0.9024,0.0143,18
mnse2,4,28.2924,0.8133,0.0131,25.1195,0.758,0.0065,30.7139,0.8971,0.0204,18
mnse2,8,23.1517,0.783,0.0248,21.2435,0.7174,0.0093,24.5622,0.8702,0.0443,18
mnse2,12,22.0174,0.7683,0.0368,19.7689,0.7005,0.0167,25.0377,0.8709,0.0628,18
mnse2,16,19.8898,0.7433,0.0792,18.3783,0.6826,0.0458,22.0882,0.8276,0.1243,18
mnse2,20,20.6147,0.7617,0.0856,18.0272,0.6866,0.0367,23.4175,0.8219,0.1138,18
mnse2,28,17.663,0.6878,0.1371,16.2361,0.6345,0.1009,19.6641,0.7734,0.209,18
mnse2,36,16.3641,0.6486,0.1752,15.2243,0.6099,0.1302,18.3005,0.7522,0.2675,18
mnte2,1,35.3549,0.9434,0.0029,32.8903,0.9413,0.0026,35.552,0.9565,0.0047,9
mnte2,2,32.4931,0.9409,0.0024,31.8753,0.9393,0.0022,35.7047,0.9548,0.0029,9
mnte2,4,32.0237,0.9385,0.0046,29.7426,0.9344,0.0043,33.6366,0.9499,0.0056,9
mnte2,8,26.5814,0.9173,0.0138,25.8449,0.9118,0.0114,28.3021,0.9334,0.036,9
mnte2,12,23.8921,0.8907,0.0327,22.8251,0.8832,0.0142,24.1895,0.9002,0.135,9
mnte2,16,23.2959,0.8752,0.0553,22.1233,0.867,0.0435,23.9915,0.8759,0.1346,9
mnte2,20,21.7026,0.8571,0.0688,21.081,0.8513,0.0426,22.5269,0.8578,0.138,9
mnte2,28,19.8188,0.8268,0.1,19.3857,0.8186,0.0653,22.0861,0.8303,0.1895,9
mnte2,36,18.8478,0.785,0.1177,18.432,0.778,0.1094,21.1612,0.8154,0.1971,9
mos2,1,31.0874,0.812,0.0147,29.5394,0.792,0.0079,32.8511,0.8416,0.0209,108
mos2,2,28.8905,0.8076,0.0153,27.0982,0.7868,0.0085,31.3564,0.8363,0.0217,108
mos2,4,26.5744,0.7975,0.0185,24.2942,0.7754,0.0116,29.7249,0.8243,0.0303,108
mos2,8,24.6883,0.7834,0.0275,23.2296,0.762,0.0174,26.4744,0.8233,0.0443,108
mos2,12,22.612,0.7599,0.0419,20.9238,0.7392,0.0267,24.6284,0.7986,0.0706,108
mos2,16,21.6024,0.7536,0.0503,20.3152,0.7288,0.0334,25.0503,0.799,0.0922,108
mos2,20,20.3205,0.7397,0.0674,19.2466,0.7095,0.0411,23.03,0.7878,0.1108,108
mos2,28,18.7588,0.6961,0.1153,17.5628,0.6719,0.085,20.6193,0.7448,0.1755,108
mos2,36,18.1529,0.6888,0.1337,16.9761,0.646,0.1039,21.0203,0.7365,0.2189,108
mose2,1,31.7206,0.8809,0.0066,29.9808,0.8079,0.0039,33.4446,0.9008,0.0109,108
mose2,2,30.0591,0.878,0.0078,28.0981,0.8032,0.005,31.7144,0.8972,0.0115,108
mose2,4,27.64,0.8675,0.0103,25.4541,0.7941,0.0068,29.6222,0.8903,0.0176,108
mose2,8,24.2219,0.8257,0.0177,23.1123,0.7791,0.0112,26.1041,0.8724,0.0313,108
mose2,12,22.1622,0.8059,0.0265,20.9511,0.7622,0.0154,24.6581,0.8586,0.0566,108
mose2,16,21.1643,0.7914,0.04,20.0674,0.7467,0.0262,23.2591,0.8389,0.0787,108
mose2,20,20.0532,0.7689,0.065,18.7048,0.7183,0.0361,21.8383,0.8224,0.1033,108
mose2,28,18.6281,0.736,0.0979,17.4797,0.6869,0.0659,20.2175,0.7909,0.1389,108
mose2,36,18.3298,0.7312,0.1232,16.7775,0.6592,0.0859,19.8069,0.7728,0.1706,108
mote2,1,32.6834,0.9182,0.0048,31.096,0.8632,0.0029,35.5558,0.9408,0.0076,108
mote2,2,31.4595,0.9093,0.006,29.6183,0.8588,0.0037,32.7068,0.9386,0.0101,108
mote2,4,28.4419,0.9032,0.0078,26.5595,0.8537,0.0046,30.9969,0.9295,0.0138,108
mote2,8,25.0864,0.8671,0.0156,22.6561,0.833,0.0098,27.7295,0.9117,0.0429,108
mote2,12,23.4107,0.8537,0.0261,20.9745,0.8141,0.0168,25.1862,0.8875,0.0841,108
mote2,16,21.8903,0.8372,0.0416,19.4829,0.7961,0.0243,23.7554,0.8733,0.1019,108
mote2,20,20.786,0.8172,0.0606,18.358,0.771,0.034,22.5721,0.8551,0.1381,108
mote2,28,19.3367,0.7718,0.0892,16.8453,0.722,0.0624,20.5022,0.8166,0.2101,108
mote2,36,18.8387,0.767,0.1209,16.4809,0.7068,0.0891,21.4644,0.8218,0.2286,108
nbo2,1,32.3736,0.8358,0.0188,30.8437,0.83,0.0097,32.7662,0.8562,0.0242,9
nbo2,2,29.045,0.8324,0.0219,27.7786,0.8279,0.0122,31.5353,0.8569,0.023,9
nbo2,4,27.3322,0.8276,0.0255,25.0709,0.8149,0.0231,27.7839,0.8381,0.0287,9
nbo2,8,24.5718,0.8218,0.029,23.853,0.8026,0.0208,27.6652,0.8403,0.0343,9
nbo2,12,21.6904,0.7788,0.0563,19.4144,0.731,0.0323,23.3598,0.7936,0.1123,9
nbo2,16,21.9794,0.7859,0.053,21.4044,0.7744,0.0477,23.6399,0.8056,0.0614,9
nbo2,20,21.9203,0.7925,0.0588,20.2377,0.7721,0.0534,27.1858,0.8034,0.087,9
nbo2,28,19.1744,0.7327,0.1017,18.6998,0.7155,0.0881,21.1845,0.7594,0.1324,9
nbo2,36,17.892,0.6836,0.1815,16.9511,0.6624,0.1515,18.1724,0.718,0.3058,9
nbs2,1,31.5931,0.8287,0.014,30.6078,0.8037,0.0083,33.3266,0.8654,0.023,51
nbs2,2,29.2213,0.8241,0.0194,27.548,0.7976,0.0108,31.4401,0.8563,0.0239,51
nbs2,4,27.1029,0.8199,0.0222,24.6495,0.7886,0.0161,29.1199,0.8467,0.0301,51
nbs2,8,24.8046,0.8076,0.0249,23.0038,0.7749,0.0161,28.5197,0.8362,0.0375,51
nbs2,12,22.7122,0.7752,0.0385,21.306,0.7538,0.0249,25.4265,0.8207,0.0644,51
nbs2,16,22.413,0.7711,0.0509,20.1652,0.7379,0.0276,24.6758,0.8123,0.096,51
nbs2,20,21.2671,0.7527,0.0806,19.6487,0.7248,0.0417,23.5307,0.787,0.1355,51
nbs2,28,19.7808,0.7251,0.1024,17.8244,0.6889,0.0661,23.4104,0.775,0.142,51
nbs2,36,18.7828,0.6967,0.1627,16.876,0.6566,0.0962,21.3836,0.7393,0.1906,51
nbse2,1,32.7314,0.9031,0.0049,31.6481,0.8904,0.0032,34.6674,0.9119,0.0076,51
nbse2,2,32.3955,0.901,0.0056,30.4569,0.8886,0.0038,33.5882,0.911,0.0073,51
nbse2,4,28.1929,0.8885,0.0086,26.8266,0.879,0.0058,29.4232,0.9012,0.0215,51
nbse2,8,25.0447,0.8764,0.0109,24.1986,0.8567,0.0082,26.6242,0.8879,0.0252,51
nbse2,12,23.9036,0.8563,0.0181,22.4056,0.8434,0.0148,25.5093,0.87,0.0411,51
nbse2,16,22.2753,0.8316,0.0394,21.0871,0.8182,0.0217,23.6823,0.8597,0.06,51
nbse2,20,21.16,0.8225,0.0457,20.199,0.8055,0.0292,22.5318,0.8401,0.1028,51
nbse2,28,19.6834,0.7806,0.0917,18.4539,0.7693,0.0611,21.2741,0.8,0.1514,51
nbse2,36,18.5551,0.7696,0.1144,17.6626,0.7321,0.0661,20.4683,0.7857,0.15,51
nbte2,1,31.7513,0.8735,0.0071,30.0321,0.8523,0.005,34.7724,0.8945,0.0112,51
nbte2,2,29.9808,0.8708,0.0077,28.4066,0.846,0.0053,31.8859,0.8927,0.011,51
nbte2,4,27.2297,0.8615,0.0087,25.4111,0.8385,0.0053,31.8181,0.8845,0.013,51
nbte2,8,24.1287,0.8411,0.0186,22.3481,0.8117,0.0137,26.4938,0.8664,0.0362,51
nbte2,12,22.5416,0.8292,0.0406,20.2013,0.7949,0.0209,25.1165,0.848,0.0723,51
nbte2,16,21.3127,0.8131,0.0342,19.0939,0.7868,0.0256,23.4227,0.8349,0.0765,51
nbte2,20,20.4211,0.7987,0.0526,18.304,0.7743,0.0341,22.9021,0.8275,0.092,51
nbte2,28,18.6196,0.7552,0.0909,16.2423,0.7175,0.0606,19.8307,0.7907,0.1482,51
nbte2,36,19.0,0.7383,0.0975,16.5794,0.7163,0.0763,20.6667,0.7953,0.1441,51
pbse2,1,34.9339,0.9052,0.0047,33.54,0.8975,0.0033,36.7932,0.9355,0.0055,12
pbse2,2,33.9574,0.9074,0.0032,31.0762,0.8944,0.0029,36.3176,0.931,0.0081,12
pbse2,4,31.4034,0.9003,0.0093,26.616,0.8739,0.0063,33.5562,0.9235,0.0147,12
pbse2,8,29.6467,0.9047,0.0102,26.0451,0.8562,0.0062,36.0032,0.9103,0.0328,12
pbse2,12,24.8504,0.8559,0.047,22.9433,0.8321,0.0226,28.3209,0.8926,0.0614,12
pbse2,16,23.7454,0.8334,0.0737,19.6197,0.7681,0.042,28.5406,0.885,0.1321,12
pbse2,20,23.2461,0.831,0.0885,20.3427,0.7877,0.0474,28.0316,0.8608,0.112,12
pbse2,28,24.0121,0.836,0.0569,20.4754,0.7924,0.0116,33.9085,0.8935,0.1048,12
pbse2,36,19.7618,0.7645,0.1392,17.3233,0.6742,0.0807,24.7225,0.8154,0.294,12
pbte2,1,34.0007,0.8998,0.006,30.9998,0.8921,0.0057,34.3286,0.9007,0.0068,9
pbte2,2,30.0091,0.8922,0.0053,27.7553,0.8884,0.0023,35.4558,0.9007,0.0147,9
pbte2,4,26.9713,0.8844,0.0106,26.406,0.8728,0.0074,27.8494,0.9005,0.0205,9
pbte2,8,24.9014,0.869,0.0227,22.2683,0.8403,0.0168,27.5333,0.8885,0.0656,9
pbte2,12,22.9512,0.8503,0.0835,22.8252,0.8285,0.038,26.1258,0.8921,0.092,9
pbte2,16,21.4036,0.8291,0.0389,18.938,0.7865,0.0335,26.5727,0.8749,0.0793,9
pbte2,20,21.812,0.8211,0.0437,21.1154,0.8129,0.0176,24.872,0.8738,0.0582,9
pbte2,28,19.185,0.7861,0.1076,17.8987,0.7267,0.0746,21.7102,0.8238,0.1682,9
pbte2,36,18.7353,0.7759,0.0908,17.8481,0.7434,0.063,19.8298,0.7868,0.145,9
rete2,1,35.8587,0.9501,0.0033,34.6117,0.9436,0.0018,36.7605,0.9511,0.0046,9
rete2,2,32.5969,0.9379,0.0037,28.8644,0.9366,0.0024,33.8552,0.9469,0.0072,9
rete2,4,30.7499,0.9314,0.0073,28.1528,0.9248,0.0037,31.9281,0.9467,0.0116,9
rete2,8,27.2674,0.9231,0.009,25.8398,0.9057,0.0067,33.3523,0.9357,0.1,9
rete2,12,23.7774,0.892,0.0396,20.2242,0.8479,0.0308,24.1383,0.9063,0.1186,9
rete2,16,23.7714,0.881,0.0544,22.1829,0.8641,0.0329,25.4354,0.912,0.1002,9
rete2,20,21.3589,0.8601,0.0511,19.2399,0.8117,0.0263,23.2204,0.8738,0.1347,9
rete2,28,20.1329,0.8294,0.0807,18.9746,0.8068,0.0471,22.0485,0.8405,0.1166,9
rete2,36,20.296,0.7956,0.1036,17.9695,0.7755,0.0814,20.8644,0.8304,0.202,9
rus2,1,32.7145,0.8354,0.0126,31.0245,0.7859,0.0048,34.8071,0.8939,0.0209,24
rus2,2,29.9728,0.8328,0.0111,27.589,0.7831,0.0044,33.1257,0.89,0.0176,24
rus2,4,27.4074,0.8263,0.0167,25.2029,0.7796,0.0104,30.6885,0.8834,0.0281,24
rus2,8,26.2868,0.817,0.021,23.8948,0.767,0.0123,30.6174,0.8685,0.0319,24
rus2,12,23.2091,0.7714,0.0296,21.104,0.7346,0.0208,26.3066,0.8354,0.0834,24
rus2,16,22.3017,0.7785,0.0425,21.2635,0.7362,0.0263,28.0746,0.8145,0.0776,24
rus2,20,21.3368,0.768,0.049,20.0011,0.718,0.0307,29.8934,0.8357,0.1481,24
rus2,28,19.6073,0.7296,0.1038,18.6329,0.6676,0.0584,22.722,0.7622,0.2564,24
rus2,36,18.6866,0.6906,0.1631,17.4825,0.6356,0.1196,21.1805,0.7423,0.2686,24
sno2,1,33.0571,0.86,0.0074,27.7902,0.8515,0.005,35.5305,0.8907,0.0123,21
sno2,2,27.7123,0.8535,0.0094,27.4732,0.8439,0.0079,29.3082,0.8836,0.0129,21
sno2,4,25.605,0.8416,0.0233,24.2452,0.8323,0.0104,27.475,0.8691,0.0386,21
sno2,8,24.7563,0.8297,0.0186,23.7155,0.8211,0.013,26.8353,0.8723,0.0506,21
sno2,12,23.162,0.8153,0.0369,21.791,0.8048,0.023,23.8618,0.8438,0.0554,21
sno2,16,21.3343,0.7979,0.0473,20.4845,0.7816,0.0237,24.399,0.8487,0.061,21
sno2,20,20.7493,0.8,0.0714,19.6925,0.7687,0.041,23.3775,0.816,0.1114,21
sno2,28,18.9289,0.7495,0.1097,18.1857,0.7259,0.0892,20.838,0.7726,0.1623,21
sno2,36,17.8301,0.7144,0.1468,17.1474,0.6979,0.116,19.6626,0.7525,0.205,21
sns2,1,34.0624,0.8581,0.0126,30.393,0.8505,0.0092,34.5935,0.8611,0.0166,27
sns2,2,31.394,0.8517,0.0146,29.8184,0.8466,0.0118,32.8335,0.8616,0.0164,27
sns2,4,27.6551,0.8396,0.0177,25.5187,0.8265,0.0113,31.8669,0.8591,0.0235,27
sns2,8,27.1907,0.8436,0.0192,25.0541,0.8186,0.0142,31.3172,0.8601,0.0352,27
sns2,12,24.2639,0.819,0.0312,22.5863,0.7847,0.0184,25.5975,0.8589,0.076,27
sns2,16,22.4278,0.7954,0.0521,20.174,0.7388,0.028,24.6519,0.8259,0.16,27
sns2,20,22.2907,0.7911,0.0575,20.9207,0.7299,0.0326,23.8608,0.8271,0.1675,27
sns2,28,22.6107,0.7885,0.0748,20.0204,0.7396,0.0161,30.902,0.8493,0.1265,27
sns2,36,18.9484,0.7183,0.1591,18.2684,0.6515,0.1122,21.3455,0.7574,0.3381,27
snse2,1,32.8035,0.9105,0.0052,31.9083,0.8978,0.0033,34.667,0.921,0.0066,27
snse2,2,31.385,0.908,0.0064,30.551,0.8938,0.0046,33.8694,0.9192,0.0092,27
snse2,4,28.2832,0.8922,0.0097,26.9223,0.8832,0.0067,30.4405,0.9139,0.0172,27
snse2,8,24.9901,0.8795,0.0156,24.4379,0.8613,0.0098,26.9738,0.8993,0.0312,27
snse2,12,23.7922,0.8664,0.0161,22.9024,0.856,0.013,25.6865,0.8876,0.0207,27
snse2,16,22.5308,0.8516,0.0319,21.6543,0.8309,0.0192,25.0078,0.8629,0.0643,27
snse2,20,21.5719,0.8335,0.0437,20.6323,0.8138,0.0287,23.7202,0.8559,0.0696,27
snse2,28,19.9765,0.8033,0.0726,19.0029,0.7792,0.052,21.6921,0.8191,0.1096,27
snse2,36,20.0388,0.7864,0.0958,18.1427,0.7611,0.0662,21.9058,0.8172,0.1489,27
snte2,1,31.1178,0.8542,0.0108,28.3782,0.8332,0.0077,32.8467,0.8787,0.0162,27
snte2,2,29.0883,0.8578,0.0124,26.1235,0.8283,0.0081,31.4279,0.8751,0.0268,27
snte2,4,28.9454,0.8551,0.0124,25.4039,0.8256,0.0097,30.4264,0.8657,0.0211,27
snte2,8,25.1899,0.8417,0.0212,21.9915,0.8033,0.015,26.105,0.8553,0.0536,27
snte2,12,22.5532,0.8242,0.0283,20.4375,0.7737,0.0167,24.1727,0.8413,0.0874,27
snte2,16,21.5513,0.804,0.0395,19.1075,0.7477,0.0248,22.7631,0.8276,0.1043,27
snte2,20,21.1157,0.8016,0.0616,18.7718,0.7567,0.0281,21.8366,0.8109,0.1271,27
snte2,28,18.9422,0.7793,0.088,17.2979,0.7079,0.0392,21.2669,0.7912,0.1651,27
snte2,36,18.2757,0.7419,0.1121,17.0298,0.683,0.0684,19.9054,0.7728,0.3295,27
tas2,1,35.2769,0.913,0.0049,31.8573,0.899,0.0036,36.4862,0.921,0.0062,102
tas2,2,29.5698,0.904,0.0071,28.1251,0.8906,0.0053,32.3086,0.9171,0.0108,102
tas2,4,27.2099,0.8929,0.0119,25.2704,0.8812,0.0073,30.7008,0.9112,0.0183,102
tas2,8,25.7964,0.8832,0.0166,24.0206,0.8636,0.0087,28.4425,0.9027,0.0329,102
tas2,12,23.4514,0.8577,0.0304,21.9537,0.8352,0.0178,25.5058,0.8808,0.0787,102
tas2,16,22.0464,0.8373,0.0514,20.3261,0.8067,0.0288,23.8535,0.8574,0.1257,102
tas2,20,20.6228,0.8178,0.0661,19.6382,0.7877,0.034,22.6593,0.8428,0.1481,102
tas2,28,19.7705,0.789,0.1077,18.477,0.7603,0.0679,21.5588,0.8167,0.1734,102
tas2,36,19.2289,0.7678,0.13,17.6803,0.7376,0.0884,21.2749,0.7996,0.2113,102
tase2,1,33.7212,0.9048,0.0042,31.3981,0.8938,0.0033,35.2146,0.9214,0.0061,102
tase2,2,30.0653,0.8998,0.0057,28.1721,0.8861,0.004,32.3657,0.917,0.0103,102
tase2,4,26.9751,0.8884,0.0095,25.0361,0.8695,0.0061,29.493,0.908,0.0168,102
tase2,8,25.3538,0.8794,0.0133,23.873,0.8552,0.0082,27.9739,0.8941,0.0375,102
tase2,12,23.2178,0.8567,0.0266,21.3415,0.8317,0.0147,25.6593,0.8786,0.0722,102
tase2,16,21.8412,0.8329,0.0528,19.5585,0.8068,0.0278,23.5682,0.8621,0.0931,102
tase2,20,20.4593,0.8113,0.0685,19.1346,0.7852,0.0422,22.7282,0.8383,0.1268,102
tase2,28,19.2132,0.7809,0.0984,17.9698,0.7547,0.0647,21.441,0.8083,0.1466,102
tase2,36,18.5828,0.7564,0.1252,16.9296,0.7209,0.0778,20.1767,0.7882,0.1806,102
tate2,1,34.0166,0.9336,0.0029,32.7818,0.8992,0.0021,35.9247,0.9478,0.0046,105
tate2,2,31.6248,0.931,0.0037,29.7787,0.8978,0.0023,33.4062,0.9426,0.0055,105
tate2,4,28.6711,0.913,0.0066,26.7329,0.8903,0.0038,31.3702,0.9368,0.0119,105
tate2,8,25.7244,0.8966,0.0101,23.277,0.8729,0.0062,28.485,0.9219,0.0262,105
tate2,12,23.6077,0.8738,0.0221,21.3634,0.8402,0.0134,25.0665,0.8991,0.0561,105
tate2,16,22.3053,0.8613,0.032,20.5709,0.8201,0.0194,24.1076,0.8881,0.0777,105
tate2,20,21.064,0.8425,0.0389,19.244,0.8045,0.0225,23.285,0.8773,0.092,105
tate2,28,19.8541,0.811,0.0687,18.0659,0.7674,0.0425,21.6615,0.8452,0.1146,105
tate2,36,18.3203,0.7796,0.1042,15.8376,0.7109,0.0657,21.0517,0.8151,0.2257,105
tis2,1,29.3011,0.7382,0.0287,28.4144,0.7183,0.0204,30.4995,0.7763,0.0397,54
tis2,2,28.5404,0.7323,0.031,27.1326,0.7169,0.0229,30.3745,0.7743,0.039,54
tis2,4,26.5417,0.7288,0.0387,25.3741,0.7024,0.0226,29.0627,0.7648,0.0449,54
tis2,8,23.6554,0.7075,0.0403,22.5598,0.6902,0.0306,26.2596,0.7567,0.057,54
tis2,12,22.7363,0.7028,0.0482,21.391,0.676,0.0336,25.2359,0.7437,0.078,54
tis2,16,20.9411,0.6895,0.0689,20.2794,0.6554,0.0499,23.6226,0.7413,0.1122,54
tis2,20,20.5322,0.6778,0.0911,19.4348,0.6401,0.0524,23.0506,0.7162,0.1486,54
tis2,28,19.2594,0.6472,0.1335,18.2299,0.6174,0.0989,21.084,0.6909,0.1726,54
tis2,36,17.9939,0.6094,0.1759,17.0958,0.581,0.1346,19.829,0.6666,0.2218,54
tise2,1,29.6075,0.761,0.0211,28.2229,0.7399,0.0135,30.5758,0.7957,0.0303,54
tise2,2,28.736,0.7587,0.0176,27.134,0.7408,0.0125,30.3064,0.7937,0.0243,54
tise2,4,26.081,0.746,0.0226,24.2313,0.7323,0.0148,28.7091,0.7877,0.0383,54
tise2,8,23.4639,0.7333,0.0332,21.5188,0.7132,0.0198,25.2056,0.7716,0.0508,54
tise2,12,21.7641,0.7173,0.0441,19.9648,0.6966,0.0289,23.8401,0.7588,0.0666,54
tise2,16,20.7299,0.7115,0.0582,19.051,0.6832,0.0393,22.2374,0.753,0.0965,54
tise2,20,19.8622,0.7004,0.0705,18.1414,0.6625,0.0452,21.6983,0.7413,0.1126,54
tise2,28,18.5316,0.6668,0.1306,16.8378,0.6369,0.0801,20.232,0.7113,0.1808,54
tise2,36,18.0305,0.6547,0.1498,16.0411,0.6237,0.0988,19.1596,0.694,0.1958,54
tite2,1,36.8934,0.9445,0.0031,32.7777,0.9395,0.0024,38.7352,0.9513,0.0049,63
tite2,2,33.4706,0.9415,0.004,31.6097,0.9338,0.0026,36.8686,0.9497,0.0086,63
tite2,4,29.7088,0.9334,0.0085,27.9496,0.9106,0.004,32.4331,0.9435,0.0227,63
tite2,8,26.2083,0.91,0.0147,24.3622,0.8723,0.01,28.1132,0.9242,0.0569,63
tite2,12,24.3041,0.8886,0.0361,22.0947,0.8388,0.0172,26.2191,0.9046,0.0984,63
tite2,16,23.3195,0.8732,0.0507,21.939,0.8265,0.0274,24.7158,0.8949,0.1057,63
tite2,20,22.3341,0.8507,0.0859,20.927,0.8207,0.0452,23.9622,0.867,0.1537,63
tite2,28,21.1341,0.8318,0.0997,20.1327,0.7749,0.062,23.3086,0.8545,0.1945,63
tite2,36,20.0791,0.8017,0.1208,18.5854,0.7551,0.0773,22.4047,0.8349,0.1967,63
vo2,1,26.9781,0.6176,0.096,26.4038,0.5968,0.0895,27.3448,0.6508,0.1012,9
vo2,2,24.6666,0.6155,0.091,24.607,0.5992,0.0869,25.2756,0.6433,0.0922,9
vo2,4,23.3693,0.6078,0.0935,22.7782,0.5924,0.0856,23.9761,0.6362,0.103,9
vo2,8,21.7306,0.602,0.0985,21.2431,0.5857,0.0935,22.0862,0.6319,0.1075,9
vo2,12,19.7579,0.5945,0.1008,19.4476,0.5691,0.0912,20.2156,0.6131,0.1102,9
vo2,16,18.6683,0.5771,0.122,18.0842,0.5646,0.1039,18.8797,0.6027,0.1248,9
vo2,20,17.3728,0.5594,0.1444,17.0874,0.5398,0.1284,17.8274,0.5675,0.1913,9
vo2,28,16.013,0.5432,0.183,15.7565,0.5207,0.1761,16.1539,0.5593,0.1849,9
vo2,36,14.9836,0.5241,0.2003,14.7871,0.4846,0.1955,15.0394,0.5331,0.2855,9
vs2,1,28.7008,0.6506,0.0437,26.962,0.5894,0.0235,30.5924,0.7001,0.103,51
vs2,2,27.3088,0.6429,0.0501,25.6912,0.5858,0.0284,29.3251,0.6952,0.1066,51
vs2,4,25.5088,0.6338,0.0476,23.7417,0.5783,0.0269,28.2586,0.6884,0.1043,51
vs2,8,23.8774,0.6101,0.0764,21.706,0.5645,0.0375,26.8855,0.6802,0.1297,51
vs2,12,22.4775,0.6085,0.0889,20.218,0.5502,0.0493,26.5565,0.6635,0.1294,51
vs2,16,21.359,0.6021,0.1017,19.2931,0.5431,0.059,23.4375,0.6536,0.1492,51
vs2,20,20.6356,0.6043,0.1004,18.5897,0.5382,0.0645,26.3025,0.6487,0.174,51
vs2,28,18.9269,0.5543,0.1701,16.9641,0.5072,0.1043,21.6802,0.6234,0.2585,51
vs2,36,18.9831,0.5457,0.1986,16.2798,0.486,0.1385,21.7191,0.6044,0.2815,51
vse2,1,31.0503,0.8799,0.0072,29.5078,0.7522,0.005,34.5517,0.8989,0.0141,108
vse2,2,30.2261,0.8721,0.0086,28.647,0.752,0.0054,32.9012,0.8967,0.0156,108
vse2,4,27.9484,0.8499,0.0153,25.2868,0.7476,0.0084,30.3558,0.8881,0.0229,108
vse2,8,24.6307,0.8225,0.0224,21.7419,0.7444,0.0128,26.9944,0.8694,0.0524,108
vse2,12,23.0719,0.7996,0.0359,21.0125,0.7321,0.022,25.1407,0.8516,0.0626,108
vse2,16,21.9395,0.7766,0.0498,19.1837,0.7161,0.0268,25.0195,0.8458,0.1037,108
vse2,20,20.6241,0.7534,0.0718,18.3361,0.7071,0.0463,23.7741,0.8079,0.1357,108
vse2,28,19.2191,0.7225,0.1062,17.2244,0.668,0.0662,21.9927,0.7813,0.1817,108
vse2,36,18.2627,0.7016,0.1358,16.393,0.6319,0.0902,20.9149,0.7558,0.2647,108
vte2,1,31.8059,0.8596,0.0076,29.1643,0.8517,0.0051,33.9815,0.8795,0.011,48
vte2,2,30.6059,0.857,0.0078,27.7616,0.846,0.0046,31.6406,0.8748,0.0119,48
vte2,4,28.9692,0.8584,0.0095,26.375,0.8368,0.0076,31.2572,0.8679,0.0136,48
vte2,8,24.5704,0.8359,0.0168,22.1463,0.8064,0.011,26.1245,0.8493,0.0366,48
vte2,12,22.6768,0.8229,0.0308,21.167,0.7831,0.0189,24.699,0.8479,0.0737,48
vte2,16,21.1498,0.8036,0.0415,19.4441,0.7533,0.026,22.5946,0.8251,0.1032,48
vte2,20,20.1029,0.7867,0.0638,18.7416,0.7497,0.0392,23.2113,0.8244,0.1231,48
vte2,28,18.9746,0.746,0.1013,16.9936,0.6862,0.0584,20.9666,0.7926,0.1967,48
vte2,36,17.7352,0.7348,0.1027,16.4432,0.6709,0.063,21.2961,0.7965,0.2055,48
ws2,1,34.6796,0.9028,0.0052,29.5841,0.8953,0.0036,35.3781,0.9184,0.0075,66
ws2,2,28.6563,0.8991,0.0058,28.2082,0.8903,0.0042,34.3508,0.9162,0.01,66
ws2,4,26.1313,0.8877,0.009,24.5067,0.8753,0.0064,28.5252,0.903,0.0187,66
ws2,8,24.8508,0.8733,0.0143,23.3395,0.8601,0.0101,26.7685,0.8961,0.0316,66
ws2,12,22.4625,0.851,0.0301,21.6611,0.83,0.0185,25.2569,0.885,0.0701,66
ws2,16,20.9213,0.826,0.04,19.8471,0.8071,0.0225,23.0515,0.8592,0.0726,66
ws2,20,20.424,0.8171,0.0448,19.5837,0.7924,0.0312,22.8457,0.8456,0.0793,66
ws2,28,18.9614,0.7789,0.0914,18.0905,0.7574,0.0646,20.5758,0.8062,0.1188,66
ws2,36,18.0657,0.7567,0.1162,17.3859,0.7225,0.0884,20.1461,0.7889,0.1673,66
ws2-C,1,35.1562,0.9108,0.0052,30.234,0.893,0.004,36.5219,0.9414,0.0071,33
ws2-C,2,32.0547,0.9017,0.0064,28.2268,0.8895,0.0038,34.4373,0.9353,0.0148,33
ws2-C,4,27.5486,0.8958,0.0109,24.9689,0.8777,0.0072,32.2156,0.9199,0.0326,33
ws2-C,8,26.5105,0.8854,0.0104,23.7821,0.8666,0.0076,34.6098,0.9174,0.0443,33
ws2-C,12,22.9547,0.848,0.0294,21.2129,0.8256,0.018,27.2721,0.8956,0.0921,33
ws2-C,16,21.8495,0.8422,0.0376,20.1565,0.8155,0.0219,26.5237,0.8858,0.0917,33
ws2-C,20,21.1665,0.824,0.0708,19.5486,0.8002,0.0477,24.572,0.8551,0.1336,33
ws2-C,28,19.602,0.7861,0.1101,18.5965,0.7379,0.0518,23.6102,0.8463,0.2238,33
ws2-C,36,20.0403,0.7706,0.1308,17.9025,0.7434,0.0889,23.4724,0.8024,0.3142,33
wse2,1,33.9511,0.887,0.0041,31.5553,0.8762,0.0024,35.6092,0.9024,0.006,33
wse2,2,29.9111,0.881,0.0059,28.2887,0.8689,0.0041,31.3484,0.8967,0.0133,33
wse2,4,27.1918,0.8684,0.0078,25.1583,0.8576,0.0054,28.7176,0.8895,0.0185,33
wse2,8,24.5263,0.8526,0.0227,23.6219,0.8391,0.0105,26.0485,0.866,0.0337,33
wse2,12,22.6359,0.8225,0.0568,21.2262,0.8067,0.0319,24.4205,0.8514,0.0873,33
wse2,16,21.1444,0.8036,0.0697,19.947,0.7882,0.0354,22.6748,0.8359,0.1406,33
wse2,20,20.3086,0.7861,0.084,19.0595,0.7647,0.0573,21.8467,0.8093,0.15,33
wse2,28,19.3319,0.7627,0.131,18.0298,0.7409,0.0857,20.5479,0.7844,0.2204,33
wse2,36,18.086,0.7226,0.1651,16.7855,0.6939,0.1121,19.1038,0.7525,0.2873,33
wte2,1,32.9131,0.94,0.0036,31.1142,0.9328,0.0028,34.608,0.9472,0.0065,33
wte2,2,31.1177,0.9353,0.0045,28.1259,0.9311,0.0028,32.6248,0.944,0.0091,33
wte2,4,28.6387,0.9314,0.0076,26.9896,0.9165,0.0057,30.1202,0.9392,0.0154,33
wte2,8,24.7908,0.9106,0.0154,23.5966,0.8904,0.0116,26.559,0.9187,0.041,33
wte2,12,23.5953,0.8917,0.0385,21.7273,0.8553,0.0165,24.5633,0.9059,0.0852,33
wte2,16,22.013,0.8613,0.0617,18.4967,0.8231,0.0368,22.9869,0.8762,0.1368,33
wte2,20,20.9385,0.8437,0.0745,19.4661,0.8211,0.0363,22.5212,0.87,0.1249,33
wte2,28,19.433,0.8148,0.0699,18.4023,0.7713,0.0451,20.996,0.8445,0.1834,33
wte2,36,18.8926,0.7961,0.1086,17.0816,0.7661,0.0842,19.9825,0.8196,0.2056,33
zro2,1,32.5567,0.8274,0.0201,31.7791,0.8057,0.0055,34.0888,0.872,0.0239,9
zro2,2,27.7397,0.8186,0.0241,27.6747,0.7978,0.0037,30.7365,0.8658,0.0285,9
zro2,4,26.8375,0.8143,0.022,25.0451,0.7958,0.0108,27.3194,0.849,0.0273,9
zro2,8,24.8053,0.7906,0.032,23.6288,0.7775,0.0205,25.0846,0.8301,0.0409,9
zro2,12,23.4617,0.7934,0.0269,22.4693,0.7769,0.0209,27.3268,0.8166,0.0323,9
zro2,16,23.8944,0.795,0.027,20.8884,0.7699,0.0185,31.645,0.8277,0.0454,9
zro2,20,20.2196,0.7521,0.077,19.8048,0.7264,0.0543,20.7564,0.7859,0.1191,9
zro2,28,18.908,0.7016,0.1079,18.8722,0.6972,0.0674,21.9535,0.7681,0.1404,9
zro2,36,18.1609,0.6845,0.1483,17.8689,0.6735,0.0992,19.4233,0.7149,0.1814,9
zrs2,1,32.0299,0.8257,0.0176,31.0304,0.822,0.0106,32.4132,0.8294,0.0204,18
zrs2,2,29.6189,0.8225,0.0171,26.541,0.812,0.0136,32.1282,0.8278,0.0206,18
zrs2,4,26.6543,0.8088,0.0194,25.2931,0.8034,0.0155,28.4664,0.8212,0.0227,18
zrs2,8,25.5527,0.8007,0.0221,23.7758,0.78,0.0188,29.2764,0.8215,0.0409,18
zrs2,12,24.1692,0.7936,0.037,21.8299,0.7619,0.0227,26.5216,0.8113,0.0532,18
zrs2,16,22.6933,0.7858,0.0235,21.904,0.7593,0.0176,30.3263,0.8216,0.05,18
zrs2,20,22.2445,0.7571,0.073,20.4643,0.7399,0.0258,28.006,0.8054,0.0894,18
zrs2,28,19.1748,0.7172,0.089,16.9491,0.6685,0.0681,20.3897,0.7423,0.1757,18
zrs2,36,18.4884,0.713,0.1148,15.1493,0.5973,0.0809,19.9167,0.7401,0.304,18
zrse2,1,30.4653,0.8056,0.0172,29.2797,0.7638,0.0109,30.7582,0.811,0.026,9
zrse2,2,27.8967,0.7912,0.0221,25.1925,0.761,0.0201,29.285,0.8091,0.0266,9
zrse2,4,26.8033,0.7969,0.0246,24.7943,0.7504,0.0148,29.0702,0.8078,0.0298,9
zrse2,8,22.5104,0.7717,0.0316,19.806,0.7369,0.0194,24.9777,0.8062,0.0596,9
zrse2,12,22.3672,0.7653,0.0318,20.7527,0.7258,0.0215,24.4119,0.8009,0.0348,9
zrse2,16,21.0117,0.7521,0.0654,19.769,0.7267,0.0303,22.6948,0.7684,0.1079,9
zrse2,20,19.1117,0.7582,0.0601,18.594,0.6988,0.0414,22.111,0.7722,0.0668,9
zrse2,28,17.2175,0.7141,0.0849,16.5189,0.6626,0.0414,19.5948,0.7471,0.1615,9
zrse2,36,17.6344,0.6739,0.1295,17.0737,0.6524,0.0714,19.0559,0.7426,0.1483,9
zrte2,1,35.9025,0.9435,0.0034,35.0683,0.9429,0.0025,36.7366,0.944,0.0043,2
zrte2,2,33.4465,0.9399,0.0024,33.346,0.9372,0.0022,33.547,0.9425,0.0025,2
zrte2,4,29.3534,0.9341,0.0041,29.2302,0.932,0.0034,29.4766,0.9362,0.0047,2
zrte2,8,27.2652,0.9251,0.006,27.2061,0.9245,0.0055,27.3242,0.9257,0.0064,2
zrte2,12,24.4826,0.9091,0.0096,24.1846,0.9083,0.0094,24.7806,0.91,0.0097,2
zrte2,16,23.6204,0.8899,0.016,22.9948,0.8851,0.0148,24.246,0.8946,0.0173,2
zrte2,20,24.1213,0.8838,0.0207,22.8572,0.8778,0.0192,25.3855,0.8898,0.0222,2
zrte2,28,20.1727,0.8181,0.0821,20.1727,0.8181,0.0821,20.1727,0.8181,0.0821,1
zrte2,36,21.209,0.8484,0.0342,21.209,0.8484,0.0342,21.209,0.8484,0.0342,1
