model,structure,level,y,x,cls,n_true_cols,frac_damaged,pred_val,tgt_val
restormer_100k,vo2_Vacancy-Anion-03.png,1,0.0,357.0,boundary_edge,100,0.8208365164247517,0.39082571864128113,0.11764705926179886
restormer_100k,vo2_Vacancy-Anion-03.png,1,171.0,257.0,boundary_edge,100,0.8208365164247517,0.5000576972961426,0.529411792755127
restormer_100k,vo2_Vacancy-Anion-03.png,1,379.0,257.0,boundary_edge,100,0.8208365164247517,0.49799829721450806,0.5137255191802979
restormer_100k,vo2_Vacancy-Anion-03.png,1,378.0,140.0,boundary_edge,100,0.8208365164247517,0.49611568450927734,0.5215686559677124
restormer_100k,vo2_Vacancy-Anion-03.png,1,481.0,79.0,boundary_edge,100,0.8208365164247517,0.49906522035598755,0.5215686559677124
restormer_100k,vo2_Vacancy-Anion-03.png,1,516.0,139.0,boundary_edge,100,0.8208365164247517,0.5039248466491699,0.49803921580314636
restormer_100k,vo2_Vacancy-Anion-03.png,1,310.0,139.0,boundary_edge,100,0.8208365164247517,0.5035256743431091,0.48627451062202454
restormer_100k,mno2_Defect-Free.png,1,248.0,0.0,boundary_edge,74,0.5485121107266436,0.6966878175735474,0.05882352963089943
restormer_100k,mos2-A_Adatom-Li.png,1,638.0,2.0,boundary_edge,84,0.1745861950889585,1.0,0.019607843831181526
restormer_100k,mos2-A_Adatom-Li.png,1,393.0,552.0,boundary_edge,84,0.1745861950889585,0.3318026065826416,0.07450980693101883
restormer_100k,mose2-A_Doped-Na.png,1,597.0,517.0,invented_undamaged,105,0.006990570979570456,0.24455031752586365,0.03529411926865578
restormer_100k,vse2-A_Vacancy-Anion-06A.png,1,628.0,217.0,borderline_shifted,84,0.04060658162751613,0.2192574143409729,0.21176470816135406
restormer_100k,nbte2_Vacancy-Anion-12A.png,1,96.0,130.0,invented_undamaged,170,0.054897087039944184,0.5938405394554138,0.06666667014360428
restormer_100k,nbte2_Vacancy-Anion-12A.png,1,188.0,603.0,invented_undamaged,170,0.054897087039944184,0.5630253553390503,0.07058823853731155
restormer_100k,nbte2_Vacancy-Anion-12A.png,1,727.0,424.0,boundary_edge,170,0.054897087039944184,0.17846962809562683,0.027450980618596077
restormer_100k,nbte2_Vacancy-Anion-12A.png,1,439.0,18.0,invented_undamaged,170,0.054897087039944184,0.2607942521572113,0.09019608050584793
restormer_100k,tise2_Adatom-Li.png,1,660.0,311.0,invented_undamaged,157,0.21837645949468895,0.37513893842697144,0.0470588244497776
restormer_100k,tise2_Adatom-Li.png,1,615.0,141.0,invented_undamaged,157,0.21837645949468895,0.24547553062438965,0.0470588244497776
restormer_100k,tise2_Adatom-Li.png,1,612.0,312.0,invented_undamaged,157,0.21837645949468895,0.32920581102371216,0.07450980693101883
restormer_100k,tise2_Adatom-Li.png,1,637.0,270.0,invented_undamaged,157,0.21837645949468895,0.18219277262687683,0.03921568766236305
restormer_100k,tite2-B_Cu_doped.png,1,605.0,646.0,boundary_edge,72,0.015100070555276231,0.15059304237365723,0.10980392247438431
restormer_100k,vs2_Vacancy-Anion-06A.png,1,638.0,2.0,boundary_edge,158,0.5798871994272244,1.0,0.03529411926865578
restormer_100k,vs2_Vacancy-Anion-06A.png,1,367.0,448.0,boundary_edge,158,0.5798871994272244,0.5277493000030518,0.5607843399047852
restormer_100k,ws2-A_Vacancy-Metal.png,1,344.0,498.0,invented_undamaged,59,0.008955588924533023,0.6321360468864441,0.03921568766236305
restormer_100k,ws2-A_Vacancy-Metal.png,1,23.0,252.0,borderline_shifted,59,0.008955588924533023,0.2120000422000885,0.1921568661928177
restormer_100k,cose2_Fe_doped.png,1,581.0,371.0,invented_undamaged,96,0.03038748424860778,0.1775326132774353,0.05882352963089943
restormer_100k,cro2_Vacancy-Anion-03.png,1,526.0,2.0,boundary_edge,80,0.6890084556742901,1.0,0.03529411926865578
restormer_100k,vo2_Vacancy-Anion-03.png,2,0.0,356.0,boundary_edge,100,0.8481016042780749,0.3505493104457855,0.10196078568696976
restormer_100k,vo2_Vacancy-Anion-03.png,2,172.0,258.0,boundary_edge,100,0.8481016042780749,0.48384860157966614,0.5215686559677124
restormer_100k,vo2_Vacancy-Anion-03.png,2,69.0,317.0,boundary_edge,100,0.8481016042780749,0.4864104986190796,0.5411764979362488
restormer_100k,mno2_Defect-Free.png,2,248.0,0.0,boundary_edge,74,0.5092214532871973,0.6929701566696167,0.05882352963089943
restormer_100k,mos2-A_Adatom-Li.png,2,391.0,552.0,boundary_edge,84,0.20018564268876268,0.7199794054031372,0.07450980693101883
restormer_100k,mos2-A_Adatom-Li.png,2,638.0,2.0,boundary_edge,84,0.20018564268876268,1.0,0.019607843831181526
restormer_100k,mose2-A_Doped-Na.png,2,645.0,519.0,invented_undamaged,105,0.014921424829753798,0.3597686290740967,0.0117647061124444
restormer_100k,mose2-A_Doped-Na.png,2,598.0,518.0,invented_undamaged,105,0.014921424829753798,0.2760343551635742,0.0313725508749485
restormer_100k,tas2-A_Doped-Li.png,2,510.0,44.0,invented_undamaged,68,0.050531027158246096,0.8120087385177612,0.0313725508749485
restormer_100k,tas2-A_Doped-Li.png,2,510.0,337.0,borderline_shifted,68,0.050531027158246096,0.8041656017303467,0.0313725508749485
restormer_100k,nbte2_Vacancy-Anion-12A.png,2,188.0,602.0,invented_undamaged,170,0.05821123321123321,0.5688300132751465,0.07058823853731155
restormer_100k,nbte2_Vacancy-Anion-12A.png,2,398.0,469.0,invented_undamaged,170,0.05821123321123321,0.6109456419944763,0.14901961386203766
restormer_100k,tise2_Adatom-Li.png,2,659.0,311.0,invented_undamaged,157,0.2022861950060552,0.3123771548271179,0.03921568766236305
restormer_100k,tise2_Adatom-Li.png,2,615.0,141.0,invented_undamaged,157,0.2022861950060552,0.25036320090293884,0.0470588244497776
restormer_100k,tise2_Adatom-Li.png,2,612.0,312.0,invented_undamaged,157,0.2022861950060552,0.3460950553417206,0.07450980693101883
restormer_100k,tise2_Adatom-Li.png,2,637.0,272.0,invented_undamaged,157,0.2022861950060552,0.2452642023563385,0.027450980618596077
restormer_100k,vs2_Vacancy-Anion-06A.png,2,638.0,2.0,boundary_edge,158,0.6361799488916622,1.0,0.03529411926865578
restormer_100k,vs2_Vacancy-Anion-06A.png,2,367.0,447.0,boundary_edge,158,0.6361799488916622,0.5361862182617188,0.5098039507865906
restormer_100k,ws2-A_Vacancy-Metal.png,2,344.0,499.0,invented_undamaged,59,0.01815006939230542,0.6655999422073364,0.0470588244497776
restormer_100k,cose2_Fe_doped.png,2,581.0,371.0,invented_undamaged,96,0.060856266005446934,0.18901079893112183,0.05882352963089943
restormer_100k,cose2_Fe_doped.png,2,580.0,131.0,invented_undamaged,96,0.060856266005446934,0.17023254930973053,0.03529411926865578
restormer_100k,cro2_Vacancy-Anion-03.png,2,526.0,2.0,boundary_edge,80,0.6971978095142981,1.0,0.03529411926865578
restormer_100k,vo2_Vacancy-Anion-03.png,4,413.0,0.0,boundary_edge,100,0.8810847975553858,0.6799237132072449,0.11372549086809158
restormer_100k,vo2_Vacancy-Anion-03.png,4,139.0,0.0,boundary_edge,100,0.8810847975553858,0.612892210483551,0.08627451211214066
restormer_100k,vo2_Vacancy-Anion-03.png,4,413.0,79.0,invented_damaged,100,0.8810847975553858,0.47221803665161133,0.4588235318660736
restormer_100k,vo2_Vacancy-Anion-03.png,4,344.0,80.0,boundary_edge,100,0.8810847975553858,0.48632916808128357,0.40784314274787903
restormer_100k,vo2_Vacancy-Anion-03.png,4,137.0,80.0,boundary_edge,100,0.8810847975553858,0.4731432795524597,0.47843137383461
restormer_100k,vo2_Vacancy-Anion-03.png,4,310.0,20.0,boundary_edge,100,0.8810847975553858,0.47590065002441406,0.49803921580314636
restormer_100k,vo2_Vacancy-Anion-03.png,4,34.0,20.0,boundary_edge,100,0.8810847975553858,0.4834693372249603,0.46666666865348816
restormer_100k,vo2_Vacancy-Anion-03.png,4,379.0,257.0,boundary_edge,100,0.8810847975553858,0.4753989577293396,0.5137255191802979
restormer_100k,vo2_Vacancy-Anion-03.png,4,69.0,80.0,boundary_edge,100,0.8810847975553858,0.48116010427474976,0.5137255191802979
restormer_100k,mno2_Defect-Free.png,4,248.0,0.0,boundary_edge,74,0.5623425605536332,0.4602054953575134,0.05882352963089943
restormer_100k,mos2-A_Adatom-Li.png,4,638.0,2.0,boundary_edge,84,0.19147515189590425,1.0,0.019607843831181526
restormer_100k,mos2-A_Adatom-Li.png,4,42.0,507.0,invented_undamaged,84,0.19147515189590425,0.2078266590833664,0.0313725508749485
restormer_100k,mose2-A_Doped-Na.png,4,644.0,519.0,invented_undamaged,105,0.020908852802514404,0.37622788548469543,0.007843137718737125
restormer_100k,mose2-A_Doped-Na.png,4,597.0,518.0,invented_undamaged,105,0.020908852802514404,0.27715539932250977,0.03921568766236305
restormer_100k,tate2-A_Fe_doped.png,4,640.0,412.0,invented_undamaged,122,0.0488133445945946,0.6236222982406616,0.03529411926865578
restormer_100k,tate2-A_Fe_doped.png,4,640.0,92.0,invented_undamaged,122,0.0488133445945946,0.6109758019447327,0.03529411926865578
restormer_100k,tate2-A_Fe_doped.png,4,627.0,324.0,invented_undamaged,122,0.0488133445945946,0.4800325632095337,0.007843137718737125
restormer_100k,tate2-A_Fe_doped.png,4,584.0,0.0,boundary_edge,122,0.0488133445945946,0.443972647190094,0.05098039284348488
restormer_100k,tate2-A_Fe_doped.png,4,630.0,0.0,boundary_edge,122,0.0488133445945946,0.2533820867538452,0.027450980618596077
restormer_100k,tate2-A_Fe_doped.png,4,582.0,325.0,borderline_shifted,122,0.0488133445945946,0.3999536633491516,0.03529411926865578
restormer_100k,vse2-A_Vacancy-Anion-06A.png,4,628.0,217.0,borderline_shifted,84,0.05164308340497378,0.23092696070671082,0.21176470816135406
restormer_100k,vse2-A_Vacancy-Anion-06A.png,4,293.0,217.0,borderline_shifted,84,0.05164308340497378,0.22664207220077515,0.21176470816135406
restormer_100k,vse2-A_Vacancy-Anion-06A.png,4,210.0,72.0,borderline_shifted,84,0.05164308340497378,0.2260645031929016,0.21960784494876862
restormer_100k,tase2-A_Vacancy-Anion-12B.png,4,482.0,350.0,invented_damaged,121,0.041567427630030594,0.25929558277130127,0.25882354378700256
restormer_100k,tase2-A_Vacancy-Anion-12B.png,4,482.0,47.0,invented_damaged,121,0.041567427630030594,0.2598891258239746,0.25882354378700256
restormer_100k,tase2-A_Vacancy-Anion-12B.png,4,506.0,391.0,invented_damaged,121,0.041567427630030594,0.257798969745636,0.23529411852359772
restormer_100k,tase2-A_Vacancy-Anion-12B.png,4,506.0,87.0,invented_damaged,121,0.041567427630030594,0.25929558277130127,0.24705882370471954
restormer_100k,nbs2_Anti-Metal.png,4,366.0,412.0,borderline_shifted,106,0.06295582043159821,0.5356840491294861,0.5843137502670288
restormer_100k,nbs2_Anti-Metal.png,4,408.0,0.0,boundary_edge,106,0.06295582043159821,0.2962830066680908,0.16470588743686676
restormer_100k,nbte2_Vacancy-Anion-12A.png,4,579.0,470.0,invented_undamaged,170,0.08330716902145474,0.624931812286377,0.07058823853731155
restormer_100k,nbte2_Vacancy-Anion-12A.png,4,188.0,603.0,invented_undamaged,170,0.08330716902145474,0.5832961797714233,0.07058823853731155
restormer_100k,nbte2_Vacancy-Anion-12A.png,4,713.0,443.0,boundary_edge,170,0.08330716902145474,0.6184455752372742,0.0235294122248888
restormer_100k,nbte2_Vacancy-Anion-12A.png,4,718.0,390.0,boundary_edge,170,0.08330716902145474,0.6035282611846924,0.0470588244497776
restormer_100k,nbte2_Vacancy-Anion-12A.png,4,714.0,496.0,boundary_edge,170,0.08330716902145474,0.4119548201560974,0.04313725605607033
restormer_100k,tis2_Vacancy-Anion-12A.png,4,240.0,0.0,boundary_edge,118,0.32701348389445234,0.33834633231163025,0.09803921729326248
restormer_100k,tis2_Vacancy-Anion-12A.png,4,75.0,281.0,borderline_shifted,118,0.32701348389445234,0.3702313303947449,0.3137255012989044
restormer_100k,tise2_Adatom-Li.png,4,616.0,144.0,invented_undamaged,157,0.24425908977452368,0.22385719418525696,0.04313725605607033
restormer_100k,tise2_Adatom-Li.png,4,658.0,310.0,invented_undamaged,157,0.24425908977452368,0.2815816402435303,0.04313725605607033
restormer_100k,tise2_Adatom-Li.png,4,612.0,312.0,invented_undamaged,157,0.24425908977452368,0.3344385325908661,0.07450980693101883
restormer_100k,vs2_Vacancy-Anion-06A.png,4,303.0,417.0,borderline_shifted,158,0.5639575851734882,0.754155158996582,0.7411764860153198
restormer_100k,vs2_Vacancy-Anion-06A.png,4,638.0,2.0,boundary_edge,158,0.5639575851734882,1.0,0.03529411926865578
restormer_100k,vte2_Defect-Free.png,4,78.0,551.0,invented_damaged,119,0.018739531925946493,0.2047317922115326,0.1764705926179886
restormer_100k,vte2_Defect-Free.png,4,78.0,460.0,invented_damaged,119,0.018739531925946493,0.2187090516090393,0.18039216101169586
restormer_100k,vte2_Defect-Free.png,4,0.0,506.0,boundary_edge,119,0.018739531925946493,0.2124757319688797,0.13333334028720856
restormer_100k,ws2-A_Vacancy-Metal.png,4,345.0,499.0,invented_undamaged,59,0.04382806634359429,0.6595378518104553,0.04313725605607033
restormer_100k,ws2-A_Vacancy-Metal.png,4,254.0,499.0,borderline_shifted,59,0.04382806634359429,0.2575278878211975,0.239215686917305
restormer_100k,cose2_Fe_doped.png,4,580.0,372.0,invented_undamaged,96,0.04902493801064997,0.17832306027412415,0.05882352963089943
restormer_100k,cro2_Vacancy-Anion-03.png,4,526.0,2.0,boundary_edge,80,0.678255767502247,1.0,0.03529411926865578
restormer_100k,vo2_Vacancy-Anion-03.png,8,277.0,437.0,boundary_edge,100,0.8846180290297937,0.44982436299324036,0.24705882370471954
restormer_100k,vo2_Vacancy-Anion-03.png,8,549.0,439.0,boundary_edge,100,0.8846180290297937,0.479724258184433,0.23137255012989044
restormer_100k,vo2_Vacancy-Anion-03.png,8,549.0,322.0,boundary_edge,100,0.8846180290297937,0.3675628900527954,0.47058823704719543
restormer_100k,vo2_Vacancy-Anion-03.png,8,207.0,317.0,invented_damaged,100,0.8846180290297937,0.4876139461994171,0.545098066329956
restormer_100k,vo2_Vacancy-Anion-03.png,8,482.0,317.0,invented_damaged,100,0.8846180290297937,0.4872291386127472,0.4274509847164154
restormer_100k,vo2_Vacancy-Anion-03.png,8,171.0,377.0,invented_damaged,100,0.8846180290297937,0.4843921959400177,0.49803921580314636
restormer_100k,vo2_Vacancy-Anion-03.png,8,446.0,377.0,invented_damaged,100,0.8846180290297937,0.4837990999221802,0.5254902243614197
restormer_100k,vo2_Vacancy-Anion-03.png,8,481.0,79.0,boundary_edge,100,0.8846180290297937,0.4801999032497406,0.5215686559677124
restormer_100k,vo2_Vacancy-Anion-03.png,8,379.0,257.0,boundary_edge,100,0.8846180290297937,0.47366437315940857,0.5137255191802979
restormer_100k,vo2_Vacancy-Anion-03.png,8,309.0,21.0,boundary_edge,100,0.8846180290297937,0.4748721420764923,0.49803921580314636
restormer_100k,vo2_Vacancy-Anion-03.png,8,34.0,20.0,boundary_edge,100,0.8846180290297937,0.4712796211242676,0.46666666865348816
restormer_100k,vo2_Vacancy-Anion-03.png,8,378.0,377.0,boundary_edge,100,0.8846180290297937,0.47829973697662354,0.5176470875740051
restormer_100k,vo2_Vacancy-Anion-03.png,8,241.0,21.0,boundary_edge,100,0.8846180290297937,0.45984554290771484,0.5098039507865906
restormer_100k,vo2_Vacancy-Anion-03.png,8,241.0,139.0,boundary_edge,100,0.8846180290297937,0.48230963945388794,0.5254902243614197
restormer_100k,vo2_Vacancy-Anion-03.png,8,68.0,318.0,boundary_edge,100,0.8846180290297937,0.4706212282180786,0.4941176474094391
restormer_100k,vo2_Vacancy-Anion-03.png,8,171.0,257.0,boundary_edge,100,0.8846180290297937,0.46709564328193665,0.529411792755127
restormer_100k,mno2_Defect-Free.png,8,258.0,0.0,boundary_edge,74,0.567795847750865,0.22904665768146515,0.08627451211214066
restormer_100k,mos2-A_Adatom-Li.png,8,0.0,130.0,boundary_edge,84,0.2219420602376566,0.6720157861709595,0.0235294122248888
restormer_100k,mos2-A_Adatom-Li.png,8,0.0,52.0,boundary_edge,84,0.2219420602376566,0.45686882734298706,0.0235294122248888
restormer_100k,mos2-A_Adatom-Li.png,8,638.0,2.0,boundary_edge,84,0.2219420602376566,1.0,0.019607843831181526
restormer_100k,mose2-A_Doped-Na.png,8,595.0,516.0,invented_undamaged,105,0.05399423782084861,0.24062469601631165,0.0313725508749485
restormer_100k,mote2-A_Anti-2M.png,8,6.0,604.0,boundary_edge,189,0.22890430746643303,0.4561883211135864,0.5215686559677124
restormer_100k,vse2-A_Vacancy-Anion-06A.png,8,125.0,73.0,borderline_shifted,84,0.502884980289195,0.22162920236587524,0.16470588743686676
restormer_100k,tase2-A_Vacancy-Anion-12B.png,8,534.0,292.0,borderline_shifted,121,0.01708637326429748,0.24280302226543427,0.18431372940540314
restormer_100k,nbs2_Anti-Metal.png,8,370.0,414.0,borderline_shifted,106,0.08944600633533926,0.5714871883392334,0.5568627715110779
restormer_100k,nbs2_Anti-Metal.png,8,380.0,389.0,boundary_edge,106,0.08944600633533926,0.5515371561050415,0.2705882489681244
restormer_100k,nbs2_Anti-Metal.png,8,406.0,292.0,borderline_shifted,106,0.08944600633533926,0.39653825759887695,0.4470588266849518
restormer_100k,nbte2_Vacancy-Anion-12A.png,8,187.0,603.0,invented_undamaged,170,0.10455913134484562,0.6145530343055725,0.08627451211214066
restormer_100k,nbte2_Vacancy-Anion-12A.png,8,279.0,130.0,invented_undamaged,170,0.10455913134484562,0.6072551608085632,0.09803921729326248
restormer_100k,nbte2_Vacancy-Anion-12A.png,8,487.0,0.0,boundary_edge,170,0.10455913134484562,0.43871182203292847,0.06666667014360428
restormer_100k,nbte2_Vacancy-Anion-12A.png,8,446.0,26.0,invented_undamaged,170,0.10455913134484562,0.4800664782524109,0.07058823853731155
restormer_100k,nbte2_Vacancy-Anion-12A.png,8,408.0,157.0,boundary_edge,170,0.10455913134484562,0.48696595430374146,0.11372549086809158
restormer_100k,nbte2_Vacancy-Anion-12A.png,8,716.0,397.0,boundary_edge,170,0.10455913134484562,0.20882853865623474,0.027450980618596077
restormer_100k,nbte2_Vacancy-Anion-12A.png,8,727.0,423.0,boundary_edge,170,0.10455913134484562,0.18502649664878845,0.027450980618596077
restormer_100k,tis2_Vacancy-Anion-12A.png,8,598.0,207.0,boundary_edge,118,0.3999318447609532,0.42402273416519165,0.05098039284348488
restormer_100k,tis2_Vacancy-Anion-12A.png,8,598.0,497.0,boundary_edge,118,0.3999318447609532,0.4173735976219177,0.05098039284348488
restormer_100k,tise2_Adatom-Li.png,8,658.0,310.0,invented_undamaged,157,0.2508921060173244,0.4360288381576538,0.04313725605607033
restormer_100k,tise2_Adatom-Li.png,8,613.0,141.0,invented_undamaged,157,0.2508921060173244,0.2638498842716217,0.06666667014360428
restormer_100k,tise2_Adatom-Li.png,8,611.0,312.0,invented_undamaged,157,0.2508921060173244,0.34280961751937866,0.06666667014360428
restormer_100k,tise2_Adatom-Li.png,8,706.0,358.0,boundary_edge,157,0.2508921060173244,0.15879246592521667,0.11764705926179886
restormer_100k,tite2-B_Cu_doped.png,8,232.0,646.0,boundary_edge,72,0.6632568398271086,0.18331316113471985,0.09803921729326248
restormer_100k,tite2-B_Cu_doped.png,8,608.0,646.0,boundary_edge,72,0.6632568398271086,0.17062677443027496,0.10196078568696976
restormer_100k,tite2-B_Cu_doped.png,8,514.0,646.0,boundary_edge,72,0.6632568398271086,0.16941551864147186,0.09803921729326248
restormer_100k,vs2_Vacancy-Anion-06A.png,8,638.0,2.0,boundary_edge,158,0.6853469622234107,1.0,0.03529411926865578
restormer_100k,vs2_Vacancy-Anion-06A.png,8,57.0,135.0,boundary_edge,158,0.6853469622234107,0.34722602367401123,0.0470588244497776
restormer_100k,vs2_Vacancy-Anion-06A.png,8,90.0,109.0,boundary_edge,158,0.6853469622234107,0.32728976011276245,0.09019608050584793
restormer_100k,vs2_Vacancy-Anion-06A.png,8,173.0,158.0,boundary_edge,158,0.6853469622234107,0.37546321749687195,0.3294117748737335
restormer_100k,vs2_Vacancy-Anion-06A.png,8,367.0,447.0,boundary_edge,158,0.6853469622234107,0.5282552242279053,0.5098039507865906
restormer_100k,vte2_Defect-Free.png,8,668.0,312.0,invented_undamaged,119,0.05976542557479243,0.12316502630710602,0.027450980618596077
restormer_100k,ws2-A_Vacancy-Metal.png,8,343.0,499.0,invented_undamaged,59,0.049382294723909634,0.6501014232635498,0.03921568766236305
restormer_100k,cose2_Fe_doped.png,8,580.0,373.0,invented_undamaged,96,0.08137118409820739,0.19194820523262024,0.05098039284348488
restormer_100k,cose2_Fe_doped.png,8,0.0,453.0,boundary_edge,96,0.08137118409820739,0.2164086103439331,0.2078431397676468
restormer_100k,cro2_Vacancy-Anion-03.png,8,526.0,2.0,boundary_edge,80,0.7192441492726123,1.0,0.03529411926865578
restormer_100k,vo2_Vacancy-Anion-03.png,12,0.0,357.0,boundary_edge,100,0.8351451489686784,0.3957272171974182,0.11764705926179886
restormer_100k,vo2_Vacancy-Anion-03.png,12,309.0,139.0,boundary_edge,100,0.8351451489686784,0.49054664373397827,0.47058823704719543
restormer_100k,mos2-A_Adatom-Li.png,12,325.0,354.0,borderline_shifted,84,0.2720627562845427,0.6379738450050354,0.10588235408067703
restormer_100k,mos2-A_Adatom-Li.png,12,638.0,2.0,boundary_edge,84,0.2720627562845427,1.0,0.019607843831181526
restormer_100k,mote2-A_Anti-2M.png,12,378.0,292.0,invented_damaged,189,0.33133865353193304,0.3900403380393982,0.250980406999588
restormer_100k,mote2-A_Anti-2M.png,12,381.0,596.0,boundary_edge,189,0.33133865353193304,0.35879141092300415,0.25882354378700256
restormer_100k,vse2-A_Vacancy-Anion-06A.png,12,668.0,289.0,boundary_edge,84,0.06952867037906188,0.2077377289533615,0.2078431397676468
restormer_100k,vse2-A_Vacancy-Anion-06A.png,12,294.0,217.0,borderline_shifted,84,0.06952867037906188,0.21465501189231873,0.239215686917305
restormer_100k,tase2-A_Vacancy-Anion-12B.png,12,108.0,564.0,invented_undamaged,121,0.14422923040715463,0.20484218001365662,0.05882352963089943
restormer_100k,tase2-A_Vacancy-Anion-12B.png,12,48.0,177.0,invented_damaged,121,0.14422923040715463,0.22002243995666504,0.1882352977991104
restormer_100k,tase2-A_Vacancy-Anion-12B.png,12,48.0,481.0,invented_damaged,121,0.14422923040715463,0.22282657027244568,0.19607843458652496
restormer_100k,tase2-A_Vacancy-Anion-12B.png,12,179.0,523.0,invented_undamaged,121,0.14422923040715463,0.2585511803627014,0.2549019753932953
restormer_100k,tase2-A_Vacancy-Anion-12B.png,12,179.0,220.0,boundary_edge,121,0.14422923040715463,0.25564515590667725,0.250980406999588
restormer_100k,nbs2_Anti-Metal.png,12,668.0,195.0,boundary_edge,106,0.10422071970899778,0.4173273742198944,0.0117647061124444
restormer_100k,nbs2_Anti-Metal.png,12,493.0,293.0,boundary_edge,106,0.10422071970899778,0.3992292582988739,0.24313725531101227
restormer_100k,nbs2_Anti-Metal.png,12,618.0,363.0,invented_damaged,106,0.10422071970899778,0.33980727195739746,0.20392157137393951
restormer_100k,nbs2_Anti-Metal.png,12,577.0,291.0,invented_damaged,106,0.10422071970899778,0.33758580684661865,0.23529411852359772
restormer_100k,nbs2_Anti-Metal.png,12,668.0,290.0,boundary_edge,106,0.10422071970899778,0.25681963562965393,0.11372549086809158
restormer_100k,nbte2_Vacancy-Anion-12A.png,12,188.0,602.0,invented_undamaged,170,0.18202729809872667,0.6440590620040894,0.07058823853731155
restormer_100k,nbte2_Vacancy-Anion-12A.png,12,360.0,600.0,boundary_edge,170,0.18202729809872667,0.5711513757705688,0.10196078568696976
restormer_100k,tise2_Adatom-Li.png,12,638.0,93.0,invented_undamaged,157,0.28078459106414844,0.6330480575561523,0.0235294122248888
restormer_100k,tise2_Adatom-Li.png,12,637.0,182.0,invented_undamaged,157,0.28078459106414844,0.648344874382019,0.0313725508749485
restormer_100k,tise2_Adatom-Li.png,12,662.0,138.0,invented_undamaged,157,0.28078459106414844,0.659525454044342,0.027450980618596077
restormer_100k,tise2_Adatom-Li.png,12,637.0,270.0,invented_undamaged,157,0.28078459106414844,0.6601095795631409,0.03921568766236305
restormer_100k,tise2_Adatom-Li.png,12,661.0,227.0,invented_undamaged,157,0.28078459106414844,0.6393243670463562,0.0235294122248888
restormer_100k,tise2_Adatom-Li.png,12,663.0,312.0,invented_undamaged,157,0.28078459106414844,0.6550106406211853,0.04313725605607033
restormer_100k,tise2_Adatom-Li.png,12,706.0,228.0,boundary_edge,157,0.28078459106414844,0.5959833264350891,0.05098039284348488
restormer_100k,tise2_Adatom-Li.png,12,0.0,48.0,boundary_edge,157,0.28078459106414844,0.40046191215515137,0.0313725508749485
restormer_100k,tise2_Adatom-Li.png,12,611.0,138.0,invented_undamaged,157,0.28078459106414844,0.3444618284702301,0.07058823853731155
restormer_100k,tise2_Adatom-Li.png,12,611.0,226.0,invented_undamaged,157,0.28078459106414844,0.3308291733264923,0.05098039284348488
restormer_100k,tise2_Adatom-Li.png,12,612.0,312.0,invented_undamaged,157,0.28078459106414844,0.38485488295555115,0.07450980693101883
restormer_100k,tise2_Adatom-Li.png,12,0.0,227.0,boundary_edge,157,0.28078459106414844,0.33329030871391296,0.054901961237192154
restormer_100k,tise2_Adatom-Li.png,12,663.0,45.0,invented_undamaged,157,0.28078459106414844,0.20278041064739227,0.01568627543747425
restormer_100k,tise2_Adatom-Li.png,12,687.0,182.0,invented_undamaged,157,0.28078459106414844,0.31505459547042847,0.054901961237192154
restormer_100k,tise2_Adatom-Li.png,12,686.0,272.0,invented_undamaged,157,0.28078459106414844,0.3148508071899414,0.04313725605607033
restormer_100k,tise2_Adatom-Li.png,12,615.0,56.0,invented_undamaged,157,0.28078459106414844,0.19444143772125244,0.03529411926865578
restormer_100k,tise2_Adatom-Li.png,12,694.0,358.0,boundary_edge,157,0.28078459106414844,0.2655255198478699,0.05098039284348488
restormer_100k,tise2_Adatom-Li.png,12,688.0,92.0,invented_undamaged,157,0.28078459106414844,0.2677919566631317,0.027450980618596077
restormer_100k,tise2_Adatom-Li.png,12,706.0,55.0,boundary_edge,157,0.28078459106414844,0.24876829981803894,0.04313725605607033
restormer_100k,vs2_Vacancy-Anion-06A.png,12,638.0,2.0,boundary_edge,158,0.7171099734836587,1.0,0.03529411926865578
restormer_100k,vs2_Vacancy-Anion-06A.png,12,254.0,393.0,boundary_edge,158,0.7171099734836587,0.3776610493659973,0.10196078568696976
restormer_100k,vs2_Vacancy-Anion-06A.png,12,252.0,300.0,invented_damaged,158,0.7171099734836587,0.3971366882324219,0.33725491166114807
restormer_100k,vs2_Vacancy-Anion-06A.png,12,367.0,447.0,boundary_edge,158,0.7171099734836587,0.5315102338790894,0.5098039507865906
restormer_100k,ws2-A_Vacancy-Metal.png,12,344.0,498.0,invented_undamaged,59,0.08480934179691944,0.6507537961006165,0.03921568766236305
restormer_100k,cose2_Fe_doped.png,12,673.0,217.0,boundary_edge,96,0.09612414129506931,0.2921045422554016,0.05882352963089943
restormer_100k,cose2_Fe_doped.png,12,582.0,134.0,invented_undamaged,96,0.09612414129506931,0.19064222276210785,0.027450980618596077
restormer_100k,cro2_Vacancy-Anion-03.png,12,341.0,0.0,boundary_edge,80,0.7821207430340558,0.6005396842956543,0.0941176488995552
restormer_100k,cro2_Vacancy-Anion-03.png,12,526.0,2.0,boundary_edge,80,0.7821207430340558,1.0,0.03529411926865578
restormer_100k,cro2_Vacancy-Anion-03.png,12,340.0,231.0,borderline_shifted,80,0.7821207430340558,0.4109804630279541,0.07450980693101883
restormer_100k,vo2_Vacancy-Anion-03.png,16,518.0,139.0,invented_damaged,100,0.8327616501145912,0.47639426589012146,0.4941176474094391
restormer_100k,vo2_Vacancy-Anion-03.png,16,241.0,138.0,invented_damaged,100,0.8327616501145912,0.46462956070899963,0.5098039507865906
restormer_100k,vo2_Vacancy-Anion-03.png,16,549.0,80.0,boundary_edge,100,0.8327616501145912,0.46824684739112854,0.4745098054409027
restormer_100k,vo2_Vacancy-Anion-03.png,16,549.0,318.0,boundary_edge,100,0.8327616501145912,0.4431995153427124,0.45098039507865906
restormer_100k,vo2_Vacancy-Anion-03.png,16,276.0,79.0,boundary_edge,100,0.8327616501145912,0.47551634907722473,0.5254902243614197
restormer_100k,vo2_Vacancy-Anion-03.png,16,205.0,79.0,boundary_edge,100,0.8327616501145912,0.47490644454956055,0.4431372582912445
restormer_100k,vo2_Vacancy-Anion-03.png,16,137.0,80.0,boundary_edge,100,0.8327616501145912,0.4623309373855591,0.47843137383461
restormer_100k,vo2_Vacancy-Anion-03.png,16,171.0,257.0,boundary_edge,100,0.8327616501145912,0.46925368905067444,0.529411792755127
restormer_100k,mno2_Defect-Free.png,16,248.0,0.0,boundary_edge,74,0.6576332179930796,0.7848753333091736,0.05882352963089943
restormer_100k,mno2_Defect-Free.png,16,247.0,255.0,borderline_shifted,74,0.6576332179930796,0.708527684211731,0.054901961237192154
restormer_100k,mos2-A_Adatom-Li.png,16,598.0,424.0,boundary_edge,84,0.29974502429485494,0.4674534201622009,0.0470588244497776
restormer_100k,mos2-A_Adatom-Li.png,16,638.0,2.0,boundary_edge,84,0.29974502429485494,1.0,0.019607843831181526
restormer_100k,mos2-A_Adatom-Li.png,16,584.0,552.0,boundary_edge,84,0.29974502429485494,0.19938984513282776,0.2078431397676468
restormer_100k,mos2-A_Adatom-Li.png,16,90.0,289.0,boundary_edge,84,0.29974502429485494,0.28600725531578064,0.26274511218070984
restormer_100k,mose2-A_Doped-Na.png,16,593.0,177.0,invented_undamaged,105,0.07782870612886328,0.2772563099861145,0.007843137718737125
restormer_100k,mose2-A_Doped-Na.png,16,593.0,263.0,invented_undamaged,105,0.07782870612886328,0.29102134704589844,0.019607843831181526
restormer_100k,mose2-A_Doped-Na.png,16,570.0,220.0,invented_undamaged,105,0.07782870612886328,0.2674241065979004,0.027450980618596077
restormer_100k,mose2-A_Doped-Na.png,16,597.0,349.0,invented_undamaged,105,0.07782870612886328,0.27227237820625305,0.03529411926865578
restormer_100k,mose2-A_Doped-Na.png,16,598.0,518.0,invented_undamaged,105,0.07782870612886328,0.27616003155708313,0.0313725508749485
restormer_100k,mose2-A_Doped-Na.png,16,648.0,352.0,boundary_edge,105,0.07782870612886328,0.2702833116054535,0.019607843831181526
restormer_100k,mote2-A_Anti-2M.png,16,253.0,477.0,borderline_shifted,189,0.4009661606952568,0.831657350063324,0.16078431904315948
restormer_100k,mote2-A_Anti-2M.png,16,253.0,175.0,borderline_shifted,189,0.4009661606952568,0.8220908045768738,0.1411764770746231
restormer_100k,mote2-A_Anti-2M.png,16,100.0,0.0,boundary_edge,189,0.4009661606952568,0.6768555641174316,0.10588235408067703
restormer_100k,mote2-A_Anti-2M.png,16,151.0,0.0,boundary_edge,189,0.4009661606952568,0.6485429406166077,0.13725490868091583
restormer_100k,mote2-A_Anti-2M.png,16,100.0,306.0,borderline_shifted,189,0.4009661606952568,0.5515905022621155,0.08627451211214066
restormer_100k,mote2-A_Anti-2M.png,16,148.0,306.0,borderline_shifted,189,0.4009661606952568,0.5313706994056702,0.09019608050584793
restormer_100k,tate2-A_Fe_doped.png,16,666.0,460.0,invented_undamaged,122,0.17506756756756756,0.8514325618743896,0.0235294122248888
restormer_100k,tate2-A_Fe_doped.png,16,666.0,140.0,invented_undamaged,122,0.17506756756756756,0.849907398223877,0.027450980618596077
restormer_100k,tate2-A_Fe_doped.png,16,664.0,551.0,invented_undamaged,122,0.17506756756756756,0.7651561498641968,0.03921568766236305
restormer_100k,tate2-A_Fe_doped.png,16,667.0,45.0,invented_undamaged,122,0.17506756756756756,0.7882508039474487,0.0117647061124444
restormer_100k,tate2-A_Fe_doped.png,16,668.0,365.0,invented_undamaged,122,0.17506756756756756,0.7812789678573608,0.01568627543747425
restormer_100k,tate2-A_Fe_doped.png,16,739.0,507.0,boundary_edge,122,0.17506756756756756,0.7283368110656738,0.06666667014360428
restormer_100k,tate2-A_Fe_doped.png,16,663.0,224.0,invented_undamaged,122,0.17506756756756756,0.5923858880996704,0.03529411926865578
restormer_100k,tate2-A_Fe_doped.png,16,739.0,187.0,boundary_edge,122,0.17506756756756756,0.695656418800354,0.05882352963089943
restormer_100k,tate2-A_Fe_doped.png,16,642.0,92.0,invented_undamaged,122,0.17506756756756756,0.5270251035690308,0.03529411926865578
restormer_100k,tate2-A_Fe_doped.png,16,642.0,412.0,invented_undamaged,122,0.17506756756756756,0.5294215083122253,0.03529411926865578
restormer_100k,tate2-A_Fe_doped.png,16,719.0,457.0,invented_undamaged,122,0.17506756756756756,0.5268077850341797,0.03921568766236305
restormer_100k,tate2-A_Fe_doped.png,16,719.0,137.0,invented_undamaged,122,0.17506756756756756,0.5159143209457397,0.04313725605607033
restormer_100k,tate2-A_Fe_doped.png,16,721.0,43.0,invented_undamaged,122,0.17506756756756756,0.5213609933853149,0.03529411926865578
restormer_100k,tate2-A_Fe_doped.png,16,0.0,278.0,boundary_edge,122,0.17506756756756756,0.4631894826889038,0.05098039284348488
restormer_100k,tate2-A_Fe_doped.png,16,723.0,362.0,invented_undamaged,122,0.17506756756756756,0.49804893136024475,0.03921568766236305
restormer_100k,tate2-A_Fe_doped.png,16,0.0,598.0,boundary_edge,122,0.17506756756756756,0.45469242334365845,0.05098039284348488
restormer_100k,tate2-A_Fe_doped.png,16,0.0,92.0,boundary_edge,122,0.17506756756756756,0.4314899444580078,0.15294118225574493
restormer_100k,tate2-A_Fe_doped.png,16,0.0,412.0,boundary_edge,122,0.17506756756756756,0.4354115128517151,0.16078431904315948
restormer_100k,tate2-A_Fe_doped.png,16,717.0,547.0,invented_undamaged,122,0.17506756756756756,0.4257162809371948,0.03921568766236305
restormer_100k,tate2-A_Fe_doped.png,16,0.0,502.0,boundary_edge,122,0.17506756756756756,0.40970301628112793,0.05882352963089943
restormer_100k,tate2-A_Fe_doped.png,16,0.0,183.0,boundary_edge,122,0.17506756756756756,0.4166749119758606,0.06666667014360428
restormer_100k,tate2-A_Fe_doped.png,16,739.0,600.0,boundary_edge,122,0.17506756756756756,0.36514830589294434,0.05882352963089943
restormer_100k,tate2-A_Fe_doped.png,16,720.0,224.0,invented_undamaged,122,0.17506756756756756,0.27064791321754456,0.03921568766236305
restormer_100k,tate2-A_Fe_doped.png,16,739.0,0.0,boundary_edge,122,0.17506756756756756,0.30659592151641846,0.062745101749897
restormer_100k,tate2-A_Fe_doped.png,16,0.0,0.0,boundary_edge,122,0.17506756756756756,0.2003846913576126,0.054901961237192154
restormer_100k,vse2-A_Vacancy-Anion-06A.png,16,0.0,435.0,boundary_edge,84,0.7558829072340074,0.22487382590770721,0.20392157137393951
restormer_100k,vse2-A_Vacancy-Anion-06A.png,16,377.0,362.0,borderline_shifted,84,0.7558829072340074,0.2301533967256546,0.22745098173618317
restormer_100k,vse2-A_Vacancy-Anion-06A.png,16,292.0,361.0,borderline_shifted,84,0.7558829072340074,0.21152786910533905,0.16862745583057404
restormer_100k,vse2-A_Vacancy-Anion-06A.png,16,293.0,217.0,borderline_shifted,84,0.7558829072340074,0.22623863816261292,0.21176470816135406
restormer_100k,vse2-A_Vacancy-Anion-06A.png,16,210.0,72.0,borderline_shifted,84,0.7558829072340074,0.2301533967256546,0.21960784494876862
restormer_100k,vse2-A_Vacancy-Anion-06A.png,16,250.0,290.0,borderline_shifted,84,0.7558829072340074,0.21589726209640503,0.1882352977991104
restormer_100k,vse2-A_Vacancy-Anion-06A.png,16,585.0,290.0,borderline_shifted,84,0.7558829072340074,0.21385684609413147,0.2078431397676468
restormer_100k,tase2-A_Vacancy-Anion-12B.png,16,532.0,290.0,borderline_shifted,121,0.0407837138150153,0.241359144449234,0.16078431904315948
restormer_100k,tase2-A_Vacancy-Anion-12B.png,16,179.0,524.0,invented_undamaged,121,0.0407837138150153,0.25140318274497986,0.2549019753932953
restormer_100k,tase2-A_Vacancy-Anion-12B.png,16,179.0,221.0,invented_undamaged,121,0.0407837138150153,0.2519751191139221,0.27450981736183167
restormer_100k,tase2-A_Vacancy-Anion-12B.png,16,482.0,45.0,invented_undamaged,121,0.0407837138150153,0.2564755082130432,0.25882354378700256
restormer_100k,nbs2_Anti-Metal.png,16,49.0,96.0,invented_damaged,106,0.12205467392623227,0.3246711194515228,0.13333334028720856
restormer_100k,nbs2_Anti-Metal.png,16,50.0,241.0,invented_undamaged,106,0.12205467392623227,0.24012026190757751,0.11372549086809158
restormer_100k,nbs2_Anti-Metal.png,16,493.0,433.0,boundary_edge,106,0.12205467392623227,0.23832300305366516,0.2235294133424759
restormer_100k,nbte2_Vacancy-Anion-12A.png,16,96.0,444.0,boundary_edge,170,0.17893990929705214,0.6151808500289917,0.06666667014360428
restormer_100k,nbte2_Vacancy-Anion-12A.png,16,186.0,600.0,invented_undamaged,170,0.17893990929705214,0.639924168586731,0.07450980693101883
restormer_100k,nbte2_Vacancy-Anion-12A.png,16,714.0,443.0,boundary_edge,170,0.17893990929705214,0.6234438419342041,0.01568627543747425
restormer_100k,nbte2_Vacancy-Anion-12A.png,16,48.0,522.0,invented_undamaged,170,0.17893990929705214,0.43287214636802673,0.019607843831181526
restormer_100k,nbte2_Vacancy-Anion-12A.png,16,715.0,392.0,boundary_edge,170,0.17893990929705214,0.5066821575164795,0.027450980618596077
restormer_100k,nbte2_Vacancy-Anion-12A.png,16,714.0,496.0,boundary_edge,170,0.17893990929705214,0.3757980167865753,0.04313725605607033
restormer_100k,tis2_Vacancy-Anion-12A.png,16,241.0,0.0,boundary_edge,118,0.5267780385231999,0.5839060544967651,0.09019608050584793
restormer_100k,tis2_Vacancy-Anion-12A.png,16,75.0,280.0,borderline_shifted,118,0.5267780385231999,0.3925173282623291,0.3333333432674408
restormer_100k,tis2_Vacancy-Anion-12A.png,16,237.0,294.0,borderline_shifted,118,0.5267780385231999,0.27774372696876526,0.0784313753247261
restormer_100k,tis2_Vacancy-Anion-12A.png,16,318.0,279.0,boundary_edge,118,0.5267780385231999,0.25487014651298523,0.239215686917305
restormer_100k,tise2_Adatom-Li.png,16,614.0,311.0,invented_undamaged,157,0.7827629401595622,0.7698420286178589,0.07450980693101883
restormer_100k,tise2_Adatom-Li.png,16,618.0,143.0,invented_undamaged,157,0.7827629401595622,0.20206531882286072,0.04313725605607033
restormer_100k,vs2_Vacancy-Anion-06A.png,16,52.0,278.0,boundary_edge,158,0.7963816655205495,0.3856014609336853,0.01568627543747425
restormer_100k,vs2_Vacancy-Anion-06A.png,16,638.0,2.0,boundary_edge,158,0.7963816655205495,1.0,0.03529411926865578
restormer_100k,vs2_Vacancy-Anion-06A.png,16,49.0,320.0,boundary_edge,158,0.7963816655205495,0.3485150635242462,0.0313725508749485
restormer_100k,vs2_Vacancy-Anion-06A.png,16,172.0,247.0,boundary_edge,158,0.7963816655205495,0.36859720945358276,0.08235294371843338
restormer_100k,vs2_Vacancy-Anion-06A.png,16,367.0,448.0,boundary_edge,158,0.7963816655205495,0.5426337122917175,0.5607843399047852
restormer_100k,vs2_Vacancy-Anion-06A.png,16,253.0,296.0,boundary_edge,158,0.7963816655205495,0.3928976058959961,0.3450980484485626
restormer_100k,ws2-A_Vacancy-Metal.png,16,344.0,498.0,invented_undamaged,59,0.09985666507405638,0.6525630950927734,0.03921568766236305
restormer_100k,cose2_Fe_doped.png,16,602.0,352.0,invented_undamaged,96,0.09939382545424982,0.27421414852142334,0.0235294122248888
restormer_100k,cro2_Vacancy-Anion-03.png,16,526.0,2.0,boundary_edge,80,0.8467367422350944,1.0,0.03529411926865578
restormer_100k,cro2_Vacancy-Anion-03.png,16,0.0,0.0,boundary_edge,80,0.8467367422350944,0.35303276777267456,0.07450980693101883
restormer_100k,cro2_Vacancy-Anion-03.png,16,0.0,263.0,boundary_edge,80,0.8467367422350944,0.38152870535850525,0.10980392247438431
restormer_100k,vo2_Vacancy-Anion-03.png,20,549.0,434.0,boundary_edge,100,0.846157372039725,0.5804876089096069,0.21568627655506134
restormer_100k,vo2_Vacancy-Anion-03.png,20,267.0,435.0,invented_damaged,100,0.846157372039725,0.40506482124328613,0.25882354378700256
restormer_100k,vo2_Vacancy-Anion-03.png,20,549.0,317.0,boundary_edge,100,0.846157372039725,0.48631834983825684,0.4431372582912445
restormer_100k,vo2_Vacancy-Anion-03.png,20,171.0,377.0,boundary_edge,100,0.846157372039725,0.4950186610221863,0.49803921580314636
restormer_100k,vo2_Vacancy-Anion-03.png,20,516.0,21.0,boundary_edge,100,0.846157372039725,0.46852946281433105,0.4588235318660736
restormer_100k,vo2_Vacancy-Anion-03.png,20,379.0,257.0,boundary_edge,100,0.846157372039725,0.47913825511932373,0.5137255191802979
restormer_100k,vo2_Vacancy-Anion-03.png,20,241.0,20.0,boundary_edge,100,0.846157372039725,0.470416396856308,0.5098039507865906
restormer_100k,vo2_Vacancy-Anion-03.png,20,447.0,377.0,boundary_edge,100,0.846157372039725,0.4833388030529022,0.4745098054409027
restormer_100k,vo2_Vacancy-Anion-03.png,20,481.0,317.0,boundary_edge,100,0.846157372039725,0.4813035726547241,0.5176470875740051
restormer_100k,vo2_Vacancy-Anion-03.png,20,172.0,140.0,boundary_edge,100,0.846157372039725,0.48203083872795105,0.49803921580314636
restormer_100k,vo2_Vacancy-Anion-03.png,20,171.0,257.0,boundary_edge,100,0.846157372039725,0.47926628589630127,0.529411792755127
restormer_100k,vo2_Vacancy-Anion-03.png,20,104.0,377.0,boundary_edge,100,0.846157372039725,0.48537981510162354,0.48627451062202454
restormer_100k,vo2_Vacancy-Anion-03.png,20,289.0,361.0,borderline_shifted,100,0.846157372039725,0.4302002191543579,0.22745098173618317
restormer_100k,vo2_Vacancy-Anion-03.png,20,206.0,79.0,boundary_edge,100,0.846157372039725,0.4829748868942261,0.5411764979362488
restormer_100k,vo2_Vacancy-Anion-03.png,20,447.0,139.0,boundary_edge,100,0.846157372039725,0.47965335845947266,0.48235294222831726
restormer_100k,mno2_Defect-Free.png,20,562.0,359.0,boundary_edge,74,0.6847543252595155,0.6065412163734436,0.06666667014360428
restormer_100k,mno2_Defect-Free.png,20,577.0,110.0,boundary_edge,74,0.6847543252595155,0.36850816011428833,0.10980392247438431
restormer_100k,mos2-A_Adatom-Li.png,20,326.0,357.0,borderline_shifted,84,0.303036220133742,0.5635731816291809,0.10196078568696976
restormer_100k,mos2-A_Adatom-Li.png,20,638.0,2.0,boundary_edge,84,0.303036220133742,1.0,0.019607843831181526
restormer_100k,mose2-A_Doped-Na.png,20,96.0,61.0,invented_undamaged,105,0.09216605552645364,0.49303656816482544,0.027450980618596077
restormer_100k,mose2-A_Doped-Na.png,20,663.0,136.0,boundary_edge,105,0.09216605552645364,0.4791187047958374,0.054901961237192154
restormer_100k,mose2-A_Doped-Na.png,20,590.0,89.0,invented_undamaged,105,0.09216605552645364,0.2901228666305542,0.0117647061124444
restormer_100k,mose2-A_Doped-Na.png,20,639.0,176.0,invented_undamaged,105,0.09216605552645364,0.21263518929481506,0.019607843831181526
restormer_100k,mose2-A_Doped-Na.png,20,567.0,133.0,invented_undamaged,105,0.09216605552645364,0.15177297592163086,0.019607843831181526
restormer_100k,mote2-A_Anti-2M.png,20,604.0,478.0,invented_damaged,189,0.4209784745080395,0.5868920087814331,0.0784313753247261
restormer_100k,mote2-A_Anti-2M.png,20,604.0,176.0,boundary_edge,189,0.4209784745080395,0.5431689023971558,0.07450980693101883
restormer_100k,mote2-A_Anti-2M.png,20,624.0,521.0,boundary_edge,189,0.4209784745080395,0.44114598631858826,0.05098039284348488
restormer_100k,mote2-A_Anti-2M.png,20,620.0,217.0,boundary_edge,189,0.4209784745080395,0.2847517132759094,0.054901961237192154
restormer_100k,tate2-A_Fe_doped.png,20,321.0,597.0,invented_damaged,122,0.15879011824324324,0.5268000364303589,0.21176470816135406
restormer_100k,tate2-A_Fe_doped.png,20,321.0,276.0,invented_damaged,122,0.15879011824324324,0.5213128328323364,0.2078431397676468
restormer_100k,tate2-A_Fe_doped.png,20,588.0,0.0,boundary_edge,122,0.15879011824324324,0.1954066902399063,0.04313725605607033
restormer_100k,vse2-A_Vacancy-Anion-06A.png,20,628.0,217.0,borderline_shifted,84,0.057534380961969896,0.22854696214199066,0.21176470816135406
restormer_100k,vse2-A_Vacancy-Anion-06A.png,20,377.0,362.0,borderline_shifted,84,0.057534380961969896,0.2277350127696991,0.22745098173618317
restormer_100k,vse2-A_Vacancy-Anion-06A.png,20,294.0,217.0,borderline_shifted,84,0.057534380961969896,0.22668997943401337,0.239215686917305
restormer_100k,tase2-A_Vacancy-Anion-12B.png,20,179.0,524.0,invented_undamaged,121,0.0021463873852671216,0.25669193267822266,0.2549019753932953
restormer_100k,tase2-A_Vacancy-Anion-12B.png,20,483.0,45.0,invented_undamaged,121,0.0021463873852671216,0.25651824474334717,0.250980406999588
restormer_100k,nbs2_Anti-Metal.png,20,492.0,292.0,invented_damaged,106,0.14268454192708938,0.3580963909626007,0.239215686917305
restormer_100k,nbs2_Anti-Metal.png,20,576.0,292.0,invented_damaged,106,0.14268454192708938,0.34472712874412537,0.19607843458652496
restormer_100k,nbs2_Anti-Metal.png,20,450.0,364.0,invented_damaged,106,0.14268454192708938,0.3561704158782959,0.21568627655506134
restormer_100k,nbs2_Anti-Metal.png,20,617.0,364.0,invented_damaged,106,0.14268454192708938,0.33248743414878845,0.22745098173618317
restormer_100k,nbs2_Anti-Metal.png,20,492.0,435.0,invented_damaged,106,0.14268454192708938,0.342415988445282,0.23529411852359772
restormer_100k,nbs2_Anti-Metal.png,20,663.0,435.0,boundary_edge,106,0.14268454192708938,0.3252728581428528,0.11372549086809158
restormer_100k,nbs2_Anti-Metal.png,20,657.0,295.0,boundary_edge,106,0.14268454192708938,0.2459494173526764,0.13333334028720856
restormer_100k,nbte2_Vacancy-Anion-12A.png,20,488.0,312.0,invented_undamaged,170,0.2220499738356881,0.6498134732246399,0.07450980693101883
restormer_100k,nbte2_Vacancy-Anion-12A.png,20,579.0,156.0,boundary_edge,170,0.2220499738356881,0.6309832334518433,0.062745101749897
restormer_100k,nbte2_Vacancy-Anion-12A.png,20,398.0,157.0,boundary_edge,170,0.2220499738356881,0.6854963898658752,0.13725490868091583
restormer_100k,nbte2_Vacancy-Anion-12A.png,20,368.0,287.0,boundary_edge,170,0.2220499738356881,0.7110034227371216,0.13333334028720856
restormer_100k,tise2_Adatom-Li.png,20,612.0,311.0,invented_damaged,157,0.5786255096097845,0.5916122198104858,0.08627451211214066
restormer_100k,tise2_Adatom-Li.png,20,613.0,143.0,invented_undamaged,157,0.5786255096097845,0.27475565671920776,0.05098039284348488
restormer_100k,tise2_Adatom-Li.png,20,608.0,230.0,invented_undamaged,157,0.5786255096097845,0.3168279826641083,0.07058823853731155
restormer_100k,tise2_Adatom-Li.png,20,632.0,269.0,invented_undamaged,157,0.5786255096097845,0.22252151370048523,0.03921568766236305
restormer_100k,vs2_Vacancy-Anion-06A.png,20,368.0,60.0,borderline_shifted,158,0.7683230182784471,0.6070001125335693,0.6313725709915161
restormer_100k,vs2_Vacancy-Anion-06A.png,20,638.0,2.0,boundary_edge,158,0.7683230182784471,1.0,0.03529411926865578
restormer_100k,vs2_Vacancy-Anion-06A.png,20,91.0,112.0,boundary_edge,158,0.7683230182784471,0.3600267171859741,0.06666667014360428
restormer_100k,vs2_Vacancy-Anion-06A.png,20,95.0,21.0,boundary_edge,158,0.7683230182784471,0.4029483199119568,0.40392157435417175
restormer_100k,vs2_Vacancy-Anion-06A.png,20,367.0,447.0,invented_damaged,158,0.7683230182784471,0.5379026532173157,0.5098039507865906
restormer_100k,vs2_Vacancy-Anion-06A.png,20,174.0,158.0,boundary_edge,158,0.7683230182784471,0.4185122549533844,0.364705890417099
restormer_100k,vte2_Defect-Free.png,20,156.0,595.0,invented_damaged,119,0.11809107112468539,0.18989546597003937,0.1568627506494522
restormer_100k,ws2-A_Vacancy-Metal.png,20,344.0,499.0,invented_undamaged,59,0.09741655859668281,0.6731029152870178,0.0470588244497776
restormer_100k,ws2-A_Vacancy-Metal.png,20,414.0,49.0,borderline_shifted,59,0.09741655859668281,0.6367384791374207,0.03529411926865578
restormer_100k,ws2-A_Vacancy-Metal.png,20,482.0,0.0,boundary_edge,59,0.09741655859668281,0.5616326928138733,0.05882352963089943
restormer_100k,cro2_Vacancy-Anion-03.png,20,526.0,2.0,boundary_edge,80,0.8332209793934552,1.0,0.03529411926865578
restormer_100k,cro2_Vacancy-Anion-03.png,20,328.0,217.0,borderline_shifted,80,0.8332209793934552,0.4542394280433655,0.4745098054409027
restormer_100k,cro2_Vacancy-Anion-03.png,20,444.0,197.0,borderline_shifted,80,0.8332209793934552,0.2939993739128113,0.09019608050584793
restormer_100k,cro2_Vacancy-Anion-03.png,20,381.0,359.0,borderline_shifted,80,0.8332209793934552,0.49667757749557495,0.3921568691730499
restormer_100k,vo2_Vacancy-Anion-03.png,28,1.0,236.0,boundary_edge,100,0.8501107715813598,0.29430264234542847,0.06666667014360428
restormer_100k,vo2_Vacancy-Anion-03.png,28,2.0,357.0,boundary_edge,100,0.8501107715813598,0.3172832727432251,0.027450980618596077
restormer_100k,vo2_Vacancy-Anion-03.png,28,516.0,20.0,invented_damaged,100,0.8501107715813598,0.4752487242221832,0.45490196347236633
restormer_100k,vo2_Vacancy-Anion-03.png,28,241.0,138.0,boundary_edge,100,0.8501107715813598,0.4839108884334564,0.5098039507865906
restormer_100k,vo2_Vacancy-Anion-03.png,28,34.0,139.0,boundary_edge,100,0.8501107715813598,0.4819609522819519,0.48627451062202454
restormer_100k,mos2-A_Adatom-Li.png,28,554.0,210.0,invented_undamaged,84,0.31663115118276464,0.7578176259994507,0.04313725605607033
restormer_100k,mos2-A_Adatom-Li.png,28,118.0,0.0,boundary_edge,84,0.31663115118276464,0.6765228509902954,0.06666667014360428
restormer_100k,mos2-A_Adatom-Li.png,28,638.0,2.0,boundary_edge,84,0.31663115118276464,1.0,0.019607843831181526
restormer_100k,mos2-A_Adatom-Li.png,28,142.0,511.0,boundary_edge,84,0.31663115118276464,0.2333698272705078,0.239215686917305
restormer_100k,mose2-A_Doped-Na.png,28,597.0,517.0,invented_undamaged,105,0.27534311157674174,0.28915145993232727,0.03529411926865578
restormer_100k,mose2-A_Doped-Na.png,28,285.0,303.0,invented_damaged,105,0.27534311157674174,0.31043124198913574,0.10980392247438431
restormer_100k,mose2-A_Doped-Na.png,28,663.0,511.0,boundary_edge,105,0.27534311157674174,0.1790524125099182,0.0117647061124444
restormer_100k,mose2-A_Doped-Na.png,28,645.0,534.0,invented_undamaged,105,0.27534311157674174,0.23381921648979187,0.003921568859368563
restormer_100k,mose2-A_Doped-Na.png,28,525.0,0.0,boundary_edge,105,0.27534311157674174,0.19877010583877563,0.1725490242242813
restormer_100k,mote2-A_Anti-2M.png,28,101.0,0.0,boundary_edge,189,0.2446209950507945,0.48733675479888916,0.13333334028720856
restormer_100k,tate2-A_Fe_doped.png,28,667.0,460.0,invented_undamaged,122,0.29657094594594596,0.8557292222976685,0.0313725508749485
restormer_100k,tate2-A_Fe_doped.png,28,667.0,140.0,invented_undamaged,122,0.29657094594594596,0.8439645767211914,0.0313725508749485
restormer_100k,tate2-A_Fe_doped.png,28,668.0,44.0,invented_undamaged,122,0.29657094594594596,0.6613223552703857,0.01568627543747425
restormer_100k,tate2-A_Fe_doped.png,28,643.0,412.0,invented_undamaged,122,0.29657094594594596,0.5462449789047241,0.027450980618596077
restormer_100k,tate2-A_Fe_doped.png,28,643.0,93.0,invented_undamaged,122,0.29657094594594596,0.558458685874939,0.03529411926865578
restormer_100k,tate2-A_Fe_doped.png,28,54.0,596.0,invented_damaged,122,0.29657094594594596,0.4958234429359436,0.10196078568696976
restormer_100k,tate2-A_Fe_doped.png,28,722.0,45.0,invented_undamaged,122,0.29657094594594596,0.4583989381790161,0.03529411926865578
restormer_100k,tate2-A_Fe_doped.png,28,719.0,455.0,invented_undamaged,122,0.29657094594594596,0.4073038399219513,0.04313725605607033
restormer_100k,tate2-A_Fe_doped.png,28,719.0,136.0,invented_undamaged,122,0.29657094594594596,0.3884793519973755,0.0470588244497776
restormer_100k,tate2-A_Fe_doped.png,28,0.0,419.0,boundary_edge,122,0.29657094594594596,0.39531463384628296,0.1411764770746231
restormer_100k,tate2-A_Fe_doped.png,28,52.0,274.0,invented_damaged,122,0.29657094594594596,0.4447283446788788,0.10196078568696976
restormer_100k,tate2-A_Fe_doped.png,28,739.0,0.0,boundary_edge,122,0.29657094594594596,0.3568798303604126,0.062745101749897
restormer_100k,tate2-A_Fe_doped.png,28,0.0,99.0,boundary_edge,122,0.29657094594594596,0.36573326587677,0.15294118225574493
restormer_100k,tate2-A_Fe_doped.png,28,739.0,365.0,boundary_edge,122,0.29657094594594596,0.19216662645339966,0.16470588743686676
restormer_100k,tate2-A_Fe_doped.png,28,12.0,180.0,boundary_edge,122,0.29657094594594596,0.3549764156341553,0.07450980693101883
restormer_100k,tate2-A_Fe_doped.png,28,12.0,501.0,boundary_edge,122,0.29657094594594596,0.3361518979072571,0.06666667014360428
restormer_100k,vse2-A_Vacancy-Anion-06A.png,28,0.0,144.0,boundary_edge,84,0.3680718521444375,0.21939463913440704,0.19607843458652496
restormer_100k,vse2-A_Vacancy-Anion-06A.png,28,668.0,288.0,boundary_edge,84,0.3680718521444375,0.2317766547203064,0.24705882370471954
restormer_100k,tase2-A_Vacancy-Anion-12B.png,28,298.0,0.0,boundary_edge,121,0.015954342198164273,0.32810184359550476,0.054901961237192154
restormer_100k,tase2-A_Vacancy-Anion-12B.png,28,251.0,266.0,borderline_shifted,121,0.015954342198164273,0.23620328307151794,0.25882354378700256
restormer_100k,tase2-A_Vacancy-Anion-12B.png,28,251.0,569.0,borderline_shifted,121,0.015954342198164273,0.23889601230621338,0.26274511218070984
restormer_100k,nbs2_Anti-Metal.png,28,51.0,533.0,invented_undamaged,106,0.1717925086033081,0.33779609203338623,0.1411764770746231
restormer_100k,nbte2_Vacancy-Anion-12A.png,28,487.0,312.0,invented_damaged,170,0.4029216814931101,0.6334400177001953,0.09803921729326248
restormer_100k,nbte2_Vacancy-Anion-12A.png,28,367.0,289.0,invented_damaged,170,0.4029216814931101,0.7151108980178833,0.12941177189350128
restormer_100k,nbte2_Vacancy-Anion-12A.png,28,398.0,159.0,boundary_edge,170,0.4029216814931101,0.6935396194458008,0.13333334028720856
restormer_100k,tis2_Vacancy-Anion-12A.png,28,357.0,278.0,borderline_shifted,118,0.3486501906539547,0.3169460594654083,0.23137255012989044
restormer_100k,tise2_Adatom-Li.png,28,658.0,483.0,boundary_edge,157,0.7974295328692533,0.6530378460884094,0.05098039284348488
restormer_100k,tise2_Adatom-Li.png,28,677.0,354.0,invented_undamaged,157,0.7974295328692533,0.6607806086540222,0.03921568766236305
restormer_100k,tise2_Adatom-Li.png,28,657.0,399.0,boundary_edge,157,0.7974295328692533,0.5334408283233643,0.07058823853731155
restormer_100k,tise2_Adatom-Li.png,28,634.0,270.0,invented_undamaged,157,0.7974295328692533,0.45708131790161133,0.03529411926865578
restormer_100k,tise2_Adatom-Li.png,28,608.0,315.0,invented_damaged,157,0.7974295328692533,0.49804627895355225,0.08235294371843338
restormer_100k,tise2_Adatom-Li.png,28,654.0,315.0,borderline_shifted,157,0.7974295328692533,0.45233529806137085,0.0470588244497776
restormer_100k,tise2_Adatom-Li.png,28,611.0,228.0,invented_undamaged,157,0.7974295328692533,0.35309523344039917,0.0470588244497776
restormer_100k,tise2_Adatom-Li.png,28,674.0,437.0,borderline_shifted,157,0.7974295328692533,0.3131304085254669,0.0235294122248888
restormer_100k,tise2_Adatom-Li.png,28,688.0,527.0,invented_undamaged,157,0.7974295328692533,0.2210344821214676,0.027450980618596077
restormer_100k,vs2_Vacancy-Anion-06A.png,28,303.0,417.0,borderline_shifted,158,0.7803473442624806,0.7803949117660522,0.7411764860153198
restormer_100k,vs2_Vacancy-Anion-06A.png,28,638.0,2.0,boundary_edge,158,0.7803473442624806,1.0,0.03529411926865578
restormer_100k,vs2_Vacancy-Anion-06A.png,28,367.0,449.0,boundary_edge,158,0.7803473442624806,0.5486313700675964,0.5215686559677124
restormer_100k,ws2-A_Vacancy-Metal.png,28,45.0,539.0,boundary_edge,59,0.15548711123245285,0.1841982752084732,0.1921568661928177
restormer_100k,cose2_Fe_doped.png,28,605.0,93.0,invented_undamaged,96,0.14149323198243974,0.677940845489502,0.019607843831181526
restormer_100k,cose2_Fe_doped.png,28,605.0,174.0,invented_undamaged,96,0.14149323198243974,0.7125706672668457,0.0117647061124444
restormer_100k,cose2_Fe_doped.png,28,673.0,219.0,boundary_edge,96,0.14149323198243974,0.5879266262054443,0.062745101749897
restormer_100k,cose2_Fe_doped.png,28,580.0,133.0,invented_undamaged,96,0.14149323198243974,0.25284814834594727,0.0313725508749485
restormer_100k,cose2_Fe_doped.png,28,0.0,453.0,boundary_edge,96,0.14149323198243974,0.21624429523944855,0.2078431397676468
restormer_100k,cro2_Vacancy-Anion-03.png,28,526.0,2.0,boundary_edge,80,0.7167390725390326,1.0,0.03529411926865578
restormer_100k,vo2_Vacancy-Anion-03.png,36,0.0,230.0,boundary_edge,100,0.9097402597402597,0.5063319206237793,0.13333334028720856
restormer_100k,vo2_Vacancy-Anion-03.png,36,414.0,0.0,boundary_edge,100,0.9097402597402597,0.5761351585388184,0.09019608050584793
restormer_100k,vo2_Vacancy-Anion-03.png,36,140.0,0.0,boundary_edge,100,0.9097402597402597,0.5251963138580322,0.09803921729326248
restormer_100k,vo2_Vacancy-Anion-03.png,36,537.0,77.0,boundary_edge,100,0.9097402597402597,0.4849115014076233,0.42352941632270813
restormer_100k,vo2_Vacancy-Anion-03.png,36,135.0,75.0,invented_damaged,100,0.9097402597402597,0.5185496807098389,0.4313725531101227
restormer_100k,vo2_Vacancy-Anion-03.png,36,482.0,79.0,invented_damaged,100,0.9097402597402597,0.5456721186637878,0.5686274766921997
restormer_100k,vo2_Vacancy-Anion-03.png,36,207.0,79.0,invented_damaged,100,0.9097402597402597,0.5505222082138062,0.45098039507865906
restormer_100k,vo2_Vacancy-Anion-03.png,36,344.0,78.0,invented_damaged,100,0.9097402597402597,0.5374969840049744,0.4941176474094391
restormer_100k,vo2_Vacancy-Anion-03.png,36,410.0,75.0,invented_damaged,100,0.9097402597402597,0.5068264603614807,0.46666666865348816
restormer_100k,vo2_Vacancy-Anion-03.png,36,377.0,259.0,invented_damaged,100,0.9097402597402597,0.4977867901325226,0.4588235318660736
restormer_100k,vo2_Vacancy-Anion-03.png,36,0.0,82.0,boundary_edge,100,0.9097402597402597,0.5578068494796753,0.48235294222831726
restormer_100k,vo2_Vacancy-Anion-03.png,36,68.0,79.0,invented_damaged,100,0.9097402597402597,0.5218107104301453,0.5137255191802979
restormer_100k,vo2_Vacancy-Anion-03.png,36,515.0,139.0,boundary_edge,100,0.9097402597402597,0.5123780965805054,0.5098039507865906
restormer_100k,vo2_Vacancy-Anion-03.png,36,241.0,138.0,boundary_edge,100,0.9097402597402597,0.5138387680053711,0.5098039507865906
restormer_100k,vo2_Vacancy-Anion-03.png,36,310.0,136.0,invented_damaged,100,0.9097402597402597,0.5048863887786865,0.48235294222831726
restormer_100k,vo2_Vacancy-Anion-03.png,36,170.0,136.0,invented_damaged,100,0.9097402597402597,0.49444273114204407,0.4313725531101227
restormer_100k,vo2_Vacancy-Anion-03.png,36,171.0,258.0,boundary_edge,100,0.9097402597402597,0.496578574180603,0.45098039507865906
restormer_100k,vo2_Vacancy-Anion-03.png,36,138.0,200.0,invented_damaged,100,0.9097402597402597,0.4885396361351013,0.2549019753932953
restormer_100k,vo2_Vacancy-Anion-03.png,36,415.0,200.0,invented_damaged,100,0.9097402597402597,0.49704328179359436,0.25882354378700256
restormer_100k,vo2_Vacancy-Anion-03.png,36,445.0,136.0,invented_damaged,100,0.9097402597402597,0.4911816716194153,0.47058823704719543
restormer_100k,vo2_Vacancy-Anion-03.png,36,310.0,21.0,invented_damaged,100,0.9097402597402597,0.4870067834854126,0.49803921580314636
restormer_100k,vo2_Vacancy-Anion-03.png,36,264.0,77.0,borderline_shifted,100,0.9097402597402597,0.4703202247619629,0.4431372582912445
restormer_100k,vo2_Vacancy-Anion-03.png,36,34.0,21.0,invented_damaged,100,0.9097402597402597,0.497246652841568,0.529411792755127
restormer_100k,vo2_Vacancy-Anion-03.png,36,516.0,20.0,boundary_edge,100,0.9097402597402597,0.48117464780807495,0.45490196347236633
restormer_100k,vo2_Vacancy-Anion-03.png,36,68.0,317.0,boundary_edge,100,0.9097402597402597,0.48163580894470215,0.48627451062202454
restormer_100k,vo2_Vacancy-Anion-03.png,36,481.0,317.0,boundary_edge,100,0.9097402597402597,0.49492916464805603,0.5176470875740051
restormer_100k,mno2_Defect-Free.png,36,250.0,0.0,boundary_edge,74,0.6046885813148789,0.5905118584632874,0.07450980693101883
restormer_100k,mos2-A_Adatom-Li.png,36,281.0,371.0,borderline_shifted,84,0.4344463404901986,0.6586785316467285,0.14901961386203766
restormer_100k,mos2-A_Adatom-Li.png,36,638.0,2.0,boundary_edge,84,0.4344463404901986,1.0,0.019607843831181526
restormer_100k,mos2-A_Adatom-Li.png,36,202.0,552.0,boundary_edge,84,0.4344463404901986,0.33522164821624756,0.22745098173618317
restormer_100k,mose2-A_Doped-Na.png,36,435.0,71.0,borderline_shifted,105,0.17656102671555787,0.43565547466278076,0.09019608050584793
restormer_100k,mose2-A_Doped-Na.png,36,569.0,132.0,invented_undamaged,105,0.17656102671555787,0.39119553565979004,0.01568627543747425
restormer_100k,mose2-A_Doped-Na.png,36,547.0,88.0,invented_undamaged,105,0.17656102671555787,0.25120577216148376,0.0313725508749485
restormer_100k,mose2-A_Doped-Na.png,36,549.0,179.0,invented_undamaged,105,0.17656102671555787,0.23410922288894653,0.03921568766236305
restormer_100k,mote2-A_Anti-2M.png,36,403.0,0.0,boundary_edge,189,0.23815861138080466,0.32150137424468994,0.08235294371843338
restormer_100k,tate2-A_Fe_doped.png,36,320.0,274.0,invented_damaged,122,0.34993243243243244,0.5333740711212158,0.20392157137393951
restormer_100k,tate2-A_Fe_doped.png,36,319.0,596.0,invented_damaged,122,0.34993243243243244,0.5206611156463623,0.19607843458652496
restormer_100k,vse2-A_Vacancy-Anion-06A.png,36,496.0,0.0,boundary_edge,84,0.6393839179452228,0.4774475693702698,0.20392157137393951
restormer_100k,vse2-A_Vacancy-Anion-06A.png,36,161.0,0.0,boundary_edge,84,0.6393839179452228,0.42796841263771057,0.20000000298023224
restormer_100k,vse2-A_Vacancy-Anion-06A.png,36,543.0,218.0,borderline_shifted,84,0.6393839179452228,0.21096518635749817,0.16078431904315948
restormer_100k,vse2-A_Vacancy-Anion-06A.png,36,209.0,218.0,invented_damaged,84,0.6393839179452228,0.20637497305870056,0.18431372940540314
restormer_100k,vse2-A_Vacancy-Anion-06A.png,36,86.0,144.0,borderline_shifted,84,0.6393839179452228,0.2271561324596405,0.13333334028720856
restormer_100k,tas2-A_Doped-Li.png,36,512.0,334.0,borderline_shifted,68,0.33740201284579985,0.8179866075515747,0.03529411926865578
restormer_100k,tas2-A_Doped-Li.png,36,512.0,40.0,invented_undamaged,68,0.33740201284579985,0.8179866075515747,0.03921568766236305
restormer_100k,tas2-A_Doped-Li.png,36,601.0,501.0,invented_undamaged,68,0.33740201284579985,0.7795285582542419,0.019607843831181526
restormer_100k,tas2-A_Doped-Li.png,36,605.0,129.0,borderline_shifted,68,0.33740201284579985,0.773160994052887,0.03921568766236305
restormer_100k,tas2-A_Doped-Li.png,36,603.0,420.0,borderline_shifted,68,0.33740201284579985,0.7601733207702637,0.04313725605607033
restormer_100k,tas2-A_Doped-Li.png,36,600.0,212.0,invented_undamaged,68,0.33740201284579985,0.6766371726989746,0.0313725508749485
restormer_100k,tas2-A_Doped-Li.png,36,649.0,414.0,borderline_shifted,68,0.33740201284579985,0.5444802045822144,0.0470588244497776
restormer_100k,tas2-A_Doped-Li.png,36,534.0,460.0,borderline_shifted,68,0.33740201284579985,0.5389567613601685,0.13333334028720856
restormer_100k,tas2-A_Doped-Li.png,36,535.0,164.0,borderline_shifted,68,0.33740201284579985,0.40899327397346497,0.1411764770746231
restormer_100k,tas2-A_Doped-Li.png,36,650.0,120.0,borderline_shifted,68,0.33740201284579985,0.3760586977005005,0.04313725605607033
restormer_100k,tas2-A_Doped-Li.png,36,651.0,298.0,borderline_shifted,68,0.33740201284579985,0.31272202730178833,0.0235294122248888
restormer_100k,tas2-A_Doped-Li.png,36,657.0,372.0,invented_undamaged,68,0.33740201284579985,0.332077294588089,0.027450980618596077
restormer_100k,tas2-A_Doped-Li.png,36,576.0,259.0,borderline_shifted,68,0.33740201284579985,0.32577288150787354,0.0
restormer_100k,tas2-A_Doped-Li.png,36,661.0,0.0,boundary_edge,68,0.33740201284579985,0.32178816199302673,0.0235294122248888
restormer_100k,tas2-A_Doped-Li.png,36,640.0,332.0,invented_undamaged,68,0.33740201284579985,0.29465287923812866,0.027450980618596077
restormer_100k,tas2-A_Doped-Li.png,36,646.0,44.0,invented_undamaged,68,0.33740201284579985,0.256068617105484,0.0235294122248888
restormer_100k,tase2-A_Vacancy-Anion-12B.png,36,298.0,0.0,boundary_edge,121,0.005267121675688397,0.3632015287876129,0.054901961237192154
restormer_100k,tase2-A_Vacancy-Anion-12B.png,36,179.0,221.0,invented_undamaged,121,0.005267121675688397,0.24974532425403595,0.27450981736183167
restormer_100k,tase2-A_Vacancy-Anion-12B.png,36,482.0,349.0,invented_undamaged,121,0.005267121675688397,0.2535823583602905,0.26274511218070984
restormer_100k,tase2-A_Vacancy-Anion-12B.png,36,179.0,524.0,invented_undamaged,121,0.005267121675688397,0.24986258149147034,0.2549019753932953
restormer_100k,tase2-A_Vacancy-Anion-12B.png,36,558.0,172.0,invented_undamaged,121,0.005267121675688397,0.2530515193939209,0.2705882489681244
restormer_100k,tase2-A_Vacancy-Anion-12B.png,36,121.0,595.0,boundary_edge,121,0.005267121675688397,0.16037096083164215,0.16470588743686676
restormer_100k,tase2-A_Vacancy-Anion-12B.png,36,482.0,45.0,invented_undamaged,121,0.005267121675688397,0.25106537342071533,0.25882354378700256
restormer_100k,nbs2_Anti-Metal.png,36,406.0,148.0,invented_damaged,106,0.43878549429328956,0.4923654794692993,0.23137255012989044
restormer_100k,nbs2_Anti-Metal.png,36,408.0,0.0,boundary_edge,106,0.43878549429328956,0.3199647068977356,0.16470588743686676
restormer_100k,nbs2_Anti-Metal.png,36,410.0,95.0,invented_damaged,106,0.43878549429328956,0.3179212510585785,0.09803921729326248
restormer_100k,nbs2_Anti-Metal.png,36,453.0,364.0,boundary_edge,106,0.43878549429328956,0.26920825242996216,0.250980406999588
restormer_100k,nbs2_Anti-Metal.png,36,493.0,433.0,boundary_edge,106,0.43878549429328956,0.25987952947616577,0.2235294133424759
restormer_100k,nbs2_Anti-Metal.png,36,494.0,293.0,boundary_edge,106,0.43878549429328956,0.2576924264431,0.22745098173618317
restormer_100k,nbs2_Anti-Metal.png,36,619.0,0.0,boundary_edge,106,0.43878549429328956,0.17235814034938812,0.16078431904315948
restormer_100k,nbs2_Anti-Metal.png,36,615.0,364.0,boundary_edge,106,0.43878549429328956,0.2426805943250656,0.2078431397676468
restormer_100k,nbs2_Anti-Metal.png,36,574.0,293.0,boundary_edge,106,0.43878549429328956,0.24636027216911316,0.21960784494876862
restormer_100k,nbs2_Anti-Metal.png,36,450.0,0.0,boundary_edge,106,0.43878549429328956,0.20667117834091187,0.1725490242242813
restormer_100k,nbte2_Vacancy-Anion-12A.png,36,487.0,311.0,boundary_edge,170,0.30871707657421943,0.6388692855834961,0.07058823853731155
restormer_100k,nbte2_Vacancy-Anion-12A.png,36,278.0,131.0,boundary_edge,170,0.30871707657421943,0.6238442063331604,0.08235294371843338
restormer_100k,nbte2_Vacancy-Anion-12A.png,36,578.0,155.0,invented_undamaged,170,0.30871707657421943,0.5835155248641968,0.07450980693101883
restormer_100k,nbte2_Vacancy-Anion-12A.png,36,399.0,156.0,invented_damaged,170,0.30871707657421943,0.6702811121940613,0.15294118225574493
restormer_100k,nbte2_Vacancy-Anion-12A.png,36,364.0,287.0,invented_damaged,170,0.30871707657421943,0.6547192931175232,0.12941177189350128
restormer_100k,tis2_Vacancy-Anion-12A.png,36,319.0,279.0,invented_damaged,118,0.39352938291110645,0.38346385955810547,0.24313725531101227
restormer_100k,tise2_Adatom-Li.png,36,638.0,268.0,invented_undamaged,157,0.32370274842610314,0.57194584608078,0.0313725508749485
restormer_100k,tise2_Adatom-Li.png,36,665.0,311.0,invented_undamaged,157,0.32370274842610314,0.5486459136009216,0.0313725508749485
restormer_100k,tise2_Adatom-Li.png,36,0.0,227.0,boundary_edge,157,0.32370274842610314,0.37837696075439453,0.054901961237192154
restormer_100k,tise2_Adatom-Li.png,36,25.0,437.0,boundary_edge,157,0.32370274842610314,0.34353458881378174,0.05882352963089943
restormer_100k,tise2_Adatom-Li.png,36,608.0,228.0,invented_undamaged,157,0.32370274842610314,0.28435271978378296,0.05098039284348488
restormer_100k,tise2_Adatom-Li.png,36,613.0,312.0,invented_undamaged,157,0.32370274842610314,0.35448920726776123,0.07058823853731155
restormer_100k,vs2_Vacancy-Anion-06A.png,36,289.0,413.0,invented_damaged,158,0.7356997116312503,0.6517054438591003,0.5215686559677124
restormer_100k,vs2_Vacancy-Anion-06A.png,36,638.0,2.0,boundary_edge,158,0.7356997116312503,1.0,0.03529411926865578
restormer_100k,vs2_Vacancy-Anion-06A.png,36,53.0,464.0,boundary_edge,158,0.7356997116312503,0.2829124331474304,0.054901961237192154
restormer_100k,vs2_Vacancy-Anion-06A.png,36,58.0,507.0,boundary_edge,158,0.7356997116312503,0.30719617009162903,0.05098039284348488
restormer_100k,vs2_Vacancy-Anion-06A.png,36,367.0,453.0,boundary_edge,158,0.7356997116312503,0.5468980073928833,0.6078431606292725
restormer_100k,vs2_Vacancy-Anion-06A.png,36,96.0,19.0,boundary_edge,158,0.7356997116312503,0.33368560671806335,0.3803921639919281
restormer_100k,vs2_Vacancy-Anion-06A.png,36,251.0,384.0,boundary_edge,158,0.7356997116312503,0.35310670733451843,0.09803921729326248
restormer_100k,ws2-A_Vacancy-Metal.png,36,414.0,49.0,borderline_shifted,59,0.19601051122790253,0.6224792003631592,0.03529411926865578
restormer_100k,ws2-A_Vacancy-Metal.png,36,347.0,499.0,invented_undamaged,59,0.19601051122790253,0.6294913291931152,0.0470588244497776
restormer_100k,ws2-A_Vacancy-Metal.png,36,345.0,0.0,boundary_edge,59,0.19601051122790253,0.5446796417236328,0.054901961237192154
restormer_100k,ws2-A_Vacancy-Metal.png,36,502.0,381.0,borderline_shifted,59,0.19601051122790253,0.5758942365646362,0.07058823853731155
restormer_100k,ws2-A_Vacancy-Metal.png,36,482.0,8.0,boundary_edge,59,0.19601051122790253,0.5624263286590576,0.0470588244497776
restormer_100k,cose2_Fe_doped.png,36,240.0,388.0,borderline_shifted,96,0.22732053575057926,0.8424984216690063,0.09803921729326248
restormer_100k,cose2_Fe_doped.png,36,95.0,387.0,borderline_shifted,96,0.22732053575057926,0.7628825902938843,0.07058823853731155
restormer_100k,cro2_Vacancy-Anion-03.png,36,165.0,286.0,borderline_shifted,80,0.9045449249309231,0.6425853967666626,0.40392157435417175
restormer_100k,cro2_Vacancy-Anion-03.png,36,526.0,2.0,boundary_edge,80,0.9045449249309231,1.0,0.03529411926865578
restormer_100k,cro2_Vacancy-Anion-03.png,36,164.0,0.0,boundary_edge,80,0.9045449249309231,0.5578947067260742,0.25882354378700256
restormer_100k,cro2_Vacancy-Anion-03.png,36,162.0,61.0,borderline_shifted,80,0.9045449249309231,0.5727890729904175,0.3764705955982208
restormer_100k,cro2_Vacancy-Anion-03.png,36,338.0,0.0,boundary_edge,80,0.9045449249309231,0.4594258666038513,0.125490203499794
restormer_100k,cro2_Vacancy-Anion-03.png,36,323.0,99.0,borderline_shifted,80,0.9045449249309231,0.5415218472480774,0.501960813999176
restormer_100k,cro2_Vacancy-Anion-03.png,36,323.0,327.0,borderline_shifted,80,0.9045449249309231,0.5430930256843567,0.41960784792900085
restormer_100k,cro2_Vacancy-Anion-03.png,36,153.0,430.0,borderline_shifted,80,0.9045449249309231,0.5034013390541077,0.23137255012989044
restormer_100k,cro2_Vacancy-Anion-03.png,36,266.0,360.0,borderline_shifted,80,0.9045449249309231,0.533190131187439,0.48235294222831726
restormer_100k,cro2_Vacancy-Anion-03.png,36,265.0,132.0,borderline_shifted,80,0.9045449249309231,0.5280933380126953,0.4588235318660736
restormer_100k,cro2_Vacancy-Anion-03.png,36,316.0,445.0,boundary_edge,80,0.9045449249309231,0.4182894229888916,0.37254902720451355
restormer_100k,cro2_Vacancy-Anion-03.png,36,100.0,30.0,borderline_shifted,80,0.9045449249309231,0.46569785475730896,0.42352941632270813
restormer_100k,cro2_Vacancy-Anion-03.png,36,378.0,295.0,borderline_shifted,80,0.9045449249309231,0.44814980030059814,0.21960784494876862
restormer_100k,cro2_Vacancy-Anion-03.png,36,376.0,66.0,borderline_shifted,80,0.9045449249309231,0.42530694603919983,0.18431372940540314
