model,structure,level,noise_std,kl_before,kl_after,fft_before,fft_after
nafnet_asym1,vo2_Vacancy-Anion-03.png,1,0.02965906634926796,0.0826923463104805,0.05757345644618131,1.1942057997175053,0.10250186354204527
nafnet_asym1,vo2_Vacancy-Anion-03.png,2,0.028834542259573936,0.14141411473503093,0.08181581629327195,1.2212286521281173,0.12125710426801023
nafnet_asym1,vo2_Vacancy-Anion-03.png,4,0.027745047584176064,0.1425548585441212,0.074265257392119,0.7273289516352879,0.12510500929657323
nafnet_asym1,vo2_Vacancy-Anion-03.png,8,0.02816244587302208,0.1278076460539627,0.09172521623248402,1.3138414386226251,0.1353322631167842
nafnet_asym1,vo2_Vacancy-Anion-03.png,12,0.028522003442049026,0.14694394255104606,0.06757699572266115,1.108316144521552,0.10676348296200767
nafnet_asym1,vo2_Vacancy-Anion-03.png,16,0.027635056525468826,0.15271540440750264,0.09137816675621259,1.0231672552079962,0.11656013774528677
nafnet_asym1,vo2_Vacancy-Anion-03.png,20,0.02909925952553749,0.09952063420753915,0.07763717359086736,0.9559095644334347,0.09981131790038324
nafnet_asym1,vo2_Vacancy-Anion-03.png,28,0.028831079602241516,0.13797281892236365,0.06942329172823293,1.1423318617427032,0.10758619526346204
nafnet_asym1,vo2_Vacancy-Anion-03.png,36,0.023018276318907738,0.07296822301026828,0.05899635916581911,0.8874377275583104,0.2156933466726743
nafnet_asym1,mno2_Defect-Free.png,1,0.02342214807868004,0.09114850699929593,0.041133602563751266,1.626579448593542,0.16013406935918822
nafnet_asym1,mno2_Defect-Free.png,2,0.022293251007795334,0.12318127965627007,0.028529068280861592,1.635736740574755,0.16326171745799561
nafnet_asym1,mno2_Defect-Free.png,4,0.02210908941924572,0.1223468480229375,0.030869561801199603,1.605629922651237,0.1660195968200807
nafnet_asym1,mno2_Defect-Free.png,8,0.021790310740470886,0.12368106221065853,0.030187669447832306,1.6058144419101035,0.17287738449534717
nafnet_asym1,mno2_Defect-Free.png,12,0.020729513838887215,0.4519900335021843,0.03948024311051565,1.562801009875604,0.19348768142429243
nafnet_asym1,mno2_Defect-Free.png,16,0.0202647615224123,0.40405039016563365,0.027792170134067307,1.0653292173949929,0.13754620025075454
nafnet_asym1,mno2_Defect-Free.png,20,0.019588740542531013,0.1100312642003024,0.05293630851715489,0.6257985746052024,0.1883333896806019
nafnet_asym1,mno2_Defect-Free.png,28,0.01957746222615242,0.3992283910456419,0.03099938513687566,1.4451343778005712,0.21653911132524825
nafnet_asym1,mno2_Defect-Free.png,36,0.022624174132943153,0.09378736012863015,0.03252211139843492,1.625075838939361,0.16005532803303635
nafnet_asym1,mos2-A_Adatom-Li.png,1,0.015552978962659836,0.04050166724771821,0.024953706051811558,1.5649623978985798,0.19654324860396036
nafnet_asym1,mos2-A_Adatom-Li.png,2,0.015542819164693356,0.04469852126615066,0.03147486571616868,0.8420160058909967,0.10669115612801514
nafnet_asym1,mos2-A_Adatom-Li.png,4,0.015599560923874378,0.035846995259268676,0.03578108363153468,1.4974451547063288,0.17820071654253963
nafnet_asym1,mos2-A_Adatom-Li.png,8,0.015165350399911404,0.046715955173297075,0.030069608274420807,0.8542449333142932,0.11965759227532621
nafnet_asym1,mos2-A_Adatom-Li.png,12,0.014912944287061691,0.047478466766671105,0.035870560552525556,1.5206235604180314,0.20956457097898498
nafnet_asym1,mos2-A_Adatom-Li.png,16,0.014617803506553173,0.04881615096604667,0.04058488357171271,1.5214271272507516,0.22779591242613037
nafnet_asym1,mos2-A_Adatom-Li.png,20,0.014484021812677383,0.060707981276501774,0.027550341610591868,1.5375531421394113,0.2368392640110126
nafnet_asym1,mos2-A_Adatom-Li.png,28,0.01409999281167984,0.06532848286480235,0.046963046278010956,0.7953193235130137,0.16090000663287551
nafnet_asym1,mos2-A_Adatom-Li.png,36,0.014381983317434788,0.03266170177955569,0.02057163939691372,0.8467434845316518,0.14618858868412732
nafnet_asym1,mose2-A_Doped-Na.png,1,0.0069342548958957195,0.016328956660789415,0.02051551777950036,0.9302096427681316,0.11260888991131496
nafnet_asym1,mose2-A_Doped-Na.png,2,0.006910566706210375,0.018907923495311885,0.021108304514215137,1.0078365884902618,0.13844793368369487
nafnet_asym1,mose2-A_Doped-Na.png,4,0.006731895264238119,0.016529416423905617,0.020742780409043156,0.9693662323326572,0.12869047821821078
nafnet_asym1,mose2-A_Doped-Na.png,8,0.0069274865090847015,0.02034632542799126,0.023167673609545275,0.9707437421866677,0.12642061625808354
nafnet_asym1,mose2-A_Doped-Na.png,12,0.006589921191334724,0.016916765676794936,0.02034682974206463,0.8269108108179899,0.10004777463828596
nafnet_asym1,mose2-A_Doped-Na.png,16,0.006487146019935608,0.008435422616091752,0.01325380646411987,0.9868760894345577,0.14885267678070557
nafnet_asym1,mose2-A_Doped-Na.png,20,0.006380313076078892,0.025171274129400487,0.025477163371834553,0.8835816393185051,0.128530265472381
nafnet_asym1,mose2-A_Doped-Na.png,28,0.007172195240855217,0.03438331088952926,0.035092426543072236,0.6066584870750918,0.2090145875611085
nafnet_asym1,mose2-A_Doped-Na.png,36,0.006114795338362455,0.01791739393873988,0.020878168790652754,0.9422975709860295,0.17224577170312608
nafnet_asym1,mote2-A_Anti-2M.png,1,0.016147075220942497,0.09751189395214571,0.067143651283431,1.3193573386762,0.12687943918249373
nafnet_asym1,mote2-A_Anti-2M.png,2,0.01624821312725544,0.0940307776748206,0.0662518042092351,1.2563086078082477,0.11260193215654046
nafnet_asym1,mote2-A_Anti-2M.png,4,0.0160305704921484,0.05959829928820644,0.04729214001942522,1.4120899578059625,0.14197415452227785
nafnet_asym1,mote2-A_Anti-2M.png,8,0.01607857458293438,0.08027312615266402,0.05964083249068235,1.4643891243971443,0.15139905011636054
nafnet_asym1,mote2-A_Anti-2M.png,12,0.014734020456671715,0.0465280624366529,0.025647441969749704,1.3379592699367229,0.16997870262879375
nafnet_asym1,mote2-A_Anti-2M.png,16,0.014372681267559528,0.044820807180582636,0.0325581006359079,0.898960740637686,0.12252410252801463
nafnet_asym1,mote2-A_Anti-2M.png,20,0.013817038387060165,0.30531916262404285,0.020649138388962686,1.302849961526424,0.20199327199570444
nafnet_asym1,mote2-A_Anti-2M.png,28,0.015845632180571556,0.04904587306056935,0.022878844055507896,1.4623017062080252,0.1535662772112925
nafnet_asym1,mote2-A_Anti-2M.png,36,0.015669407323002815,0.09017273138815565,0.03240618280853412,1.530048495619046,0.16908810865595644
nafnet_asym1,tate2-A_Fe_doped.png,1,0.008334615267813206,0.015361352180072549,0.015534302068444987,1.1026013592361716,0.12783075928504056
nafnet_asym1,tate2-A_Fe_doped.png,2,0.008226051926612854,0.02171681808504674,0.018934356062170164,1.0983870384171974,0.12152707887869205
nafnet_asym1,tate2-A_Fe_doped.png,4,0.00801769271492958,0.02625000997289986,0.012651442540172596,1.0779875591611952,0.11141190646800143
nafnet_asym1,tate2-A_Fe_doped.png,8,0.008005748502910137,0.013367302272788763,0.014422050014743514,1.0319253313864096,0.10437077616757875
nafnet_asym1,tate2-A_Fe_doped.png,12,0.008547350764274597,0.010499068260847493,0.013903849023040732,1.1057601738460565,0.1301011230009008
nafnet_asym1,tate2-A_Fe_doped.png,16,0.007404810283333063,0.049078988942784375,0.04393204175655409,0.45992622181634957,0.4104489666396316
nafnet_asym1,tate2-A_Fe_doped.png,20,0.007538474164903164,0.024633995079454497,0.020234039828864674,0.5966252303430621,0.1151738032710559
nafnet_asym1,tate2-A_Fe_doped.png,28,0.006911484524607658,0.05625795784080047,0.04852367770289526,0.46547507397722504,0.4188236119025784
nafnet_asym1,tate2-A_Fe_doped.png,36,0.006597473286092281,0.04507194950357638,0.03794142309609958,0.7049054167215878,0.13932341858037683
nafnet_asym1,vse2-A_Vacancy-Anion-06A.png,1,0.0111501170322299,0.03835850009119189,0.0275538949954113,1.3512853490265702,0.1589551188846748
nafnet_asym1,vse2-A_Vacancy-Anion-06A.png,2,0.010683832690119743,0.13644492437631925,0.014584115500034581,1.0856887013691425,0.12442497121394247
nafnet_asym1,vse2-A_Vacancy-Anion-06A.png,4,0.011364440433681011,0.0497809202053196,0.014004118014093014,1.35855474586528,0.15748254112406473
nafnet_asym1,vse2-A_Vacancy-Anion-06A.png,8,0.010478884913027287,0.014974136229945407,0.011850202796569332,0.9227443218648465,0.12081901292532202
nafnet_asym1,vse2-A_Vacancy-Anion-06A.png,12,0.010882332921028137,0.03100897015991804,0.01757815198733048,1.326207125247133,0.15513981034908844
nafnet_asym1,vse2-A_Vacancy-Anion-06A.png,16,0.010413791052997112,0.12005060767729875,0.006996095586878937,1.219991787092943,0.1564770705350944
nafnet_asym1,vse2-A_Vacancy-Anion-06A.png,20,0.0114243533462286,0.030967704211945984,0.021336538791601092,1.3643360248259802,0.16104273054083143
nafnet_asym1,vse2-A_Vacancy-Anion-06A.png,28,0.009539125487208366,0.035357947256744585,0.029011752229754145,1.048769420423118,0.19197904082829528
nafnet_asym1,vse2-A_Vacancy-Anion-06A.png,36,0.008795267902314663,0.02053198200759059,0.01703653190629602,0.8586215779952585,0.22616686826594162
nafnet_asym1,tas2-A_Doped-Li.png,1,0.01010084431618452,0.016027872510615986,0.016408325215335504,0.5121335683769501,0.23934303975288101
nafnet_asym1,tas2-A_Doped-Li.png,2,0.00991691555827856,0.033918719397051544,0.029696773998030005,0.9398641728114416,0.08919720365503395
nafnet_asym1,tas2-A_Doped-Li.png,4,0.009984496049582958,0.0134904173164406,0.015369877426928599,0.6254061573307288,0.14498035389524724
nafnet_asym1,tas2-A_Doped-Li.png,8,0.009660006500780582,0.010267383818588178,0.012773684524182363,0.9033828531019987,0.08139907264876668
nafnet_asym1,tas2-A_Doped-Li.png,12,0.009581726975739002,0.00941577851158117,0.012120329034491013,0.9327166520758321,0.0884468774139779
nafnet_asym1,tas2-A_Doped-Li.png,16,0.01009275671094656,0.015183242853378555,0.01590692628769312,0.6406569919045366,0.1280683649183236
nafnet_asym1,tas2-A_Doped-Li.png,20,0.008970368653535843,0.023009033009140797,0.02634806671857831,0.9856461705582177,0.14070453124939972
nafnet_asym1,tas2-A_Doped-Li.png,28,0.010177969001233578,0.014859939401359887,0.014842813774310487,0.7009317913473658,0.09982797418224762
nafnet_asym1,tas2-A_Doped-Li.png,36,0.008257023990154266,0.04474896516085733,0.029037096881357145,0.6645130242036091,0.13835184556552285
nafnet_asym1,tase2-A_Vacancy-Anion-12B.png,1,0.007360097020864487,0.01575727076838433,0.020078676145060037,1.0143532613244122,0.11441970110121889
nafnet_asym1,tase2-A_Vacancy-Anion-12B.png,2,0.007332711946219206,0.019874532232327963,0.022149763929334317,1.0472883422117083,0.12652692137806607
nafnet_asym1,tase2-A_Vacancy-Anion-12B.png,4,0.007288746535778046,0.017858897380538506,0.021834576969543426,1.0133684959659575,0.11737077997100062
nafnet_asym1,tase2-A_Vacancy-Anion-12B.png,8,0.007293786853551865,0.021841984071245102,0.023095257058444753,1.0222371571606037,0.12049573842964172
nafnet_asym1,tase2-A_Vacancy-Anion-12B.png,12,0.0068289292976260185,0.06768436119975757,0.056209573313151795,0.5596551680102037,0.137219507745467
nafnet_asym1,tase2-A_Vacancy-Anion-12B.png,16,0.0072067719884216785,0.026464916823136647,0.025909812945592893,0.8230129455979923,0.07115992795932889
nafnet_asym1,tase2-A_Vacancy-Anion-12B.png,20,0.007471414282917976,0.01841543640447655,0.022386838437310354,1.0308192666987714,0.1265566051664608
nafnet_asym1,tase2-A_Vacancy-Anion-12B.png,28,0.007272196467965841,0.016448139715977306,0.020835954740633208,0.6518745293616138,0.09034391274034574
nafnet_asym1,tase2-A_Vacancy-Anion-12B.png,36,0.007361375726759434,0.03114131349539427,0.028406957591046295,1.0006852871231011,0.11042533849462186
nafnet_asym1,nbs2_Anti-Metal.png,1,0.011015812866389751,0.021958870494266133,0.021723502241809585,1.3147214861106267,0.15628683386736572
nafnet_asym1,nbs2_Anti-Metal.png,2,0.011005060747265816,0.025231315072895538,0.02397147922803701,1.2976991327982061,0.1529200417570899
nafnet_asym1,nbs2_Anti-Metal.png,4,0.010913426987826824,0.021969956774998987,0.015438408313858712,1.2231091418990248,0.13610551078643285
nafnet_asym1,nbs2_Anti-Metal.png,8,0.010953317396342754,0.01812657618346837,0.01889674224642795,1.2551350293298364,0.14011327291583422
nafnet_asym1,nbs2_Anti-Metal.png,12,0.01061707641929388,0.049872220110134306,0.011848450917163848,0.8540997738823232,0.11416254711301019
nafnet_asym1,nbs2_Anti-Metal.png,16,0.010482032783329487,0.02633707751082231,0.01001189000602342,1.2607320455979651,0.17061312807575002
nafnet_asym1,nbs2_Anti-Metal.png,20,0.010459469631314278,0.023546118943386637,0.011751582255260129,0.9275449598986149,0.12283845969024837
nafnet_asym1,nbs2_Anti-Metal.png,28,0.010197296738624573,0.041067224662393854,0.01171786637499755,1.2664707632403718,0.18754199993191903
nafnet_asym1,nbs2_Anti-Metal.png,36,0.010881257243454456,0.15846229381619642,0.02266950099968648,0.8064758927610353,0.10869616303640502
nafnet_asym1,nbse2_Cu_doped.png,1,0.012882265262305737,0.09394501030293273,0.06800300566811661,1.5604136577286896,0.17096445658446857
nafnet_asym1,nbse2_Cu_doped.png,2,0.012826059013605118,0.12742098115918596,0.09161360336194051,1.576829570795886,0.17298688119764652
nafnet_asym1,nbse2_Cu_doped.png,4,0.012191100046038628,0.3559885938974963,0.01881483541039399,1.3453137323383517,0.16294108551543077
nafnet_asym1,nbse2_Cu_doped.png,8,0.011787556111812592,0.055723213271436055,0.04316625280642977,1.17510000046074,0.1653388048024919
nafnet_asym1,nbse2_Cu_doped.png,12,0.012688240967690945,0.04074291963602354,0.020581818046781622,1.5450095389922183,0.17266778483924713
nafnet_asym1,nbse2_Cu_doped.png,16,0.012883950024843216,0.1026596691586229,0.07091442611371881,1.571371384918226,0.174089921065782
nafnet_asym1,nbse2_Cu_doped.png,20,0.011207358911633492,0.10474161538125996,0.07853909561382517,0.9661714393238384,0.18258080756235495
nafnet_asym1,nbse2_Cu_doped.png,28,0.011890112422406673,0.06837482442043566,0.04457673882666103,1.3427753685593704,0.17847618256500625
nafnet_asym1,nbse2_Cu_doped.png,36,0.011959400959312916,0.2710771578197671,0.10258736813281744,0.9956136225410371,0.1599353280608103
nafnet_asym1,nbte2_Vacancy-Anion-12A.png,1,0.012101725675165653,0.02441757953681723,0.020116551379739174,0.7584360921384113,0.13550039807744754
nafnet_asym1,nbte2_Vacancy-Anion-12A.png,2,0.012260595336556435,0.021491241176896495,0.022851930217917718,0.7586973139738404,0.13910446094581058
nafnet_asym1,nbte2_Vacancy-Anion-12A.png,4,0.01200947631150484,0.04420728498532474,0.03625080780053333,0.7535957488051872,0.133987271154981
nafnet_asym1,nbte2_Vacancy-Anion-12A.png,8,0.012140698730945587,0.036194977745431914,0.02598394734572034,0.7779640717317323,0.12937330762311272
nafnet_asym1,nbte2_Vacancy-Anion-12A.png,12,0.011799991130828857,0.6776731504937559,0.056511864144516276,0.8452831241984214,0.12191481300790215
nafnet_asym1,nbte2_Vacancy-Anion-12A.png,16,0.011173177510499954,0.08124900984004228,0.0391513392453203,0.8056253616341608,0.15081715642866733
nafnet_asym1,nbte2_Vacancy-Anion-12A.png,20,0.011277804151177406,0.33851432184607694,0.05432116922217674,1.318954828396544,0.18207230160265664
nafnet_asym1,nbte2_Vacancy-Anion-12A.png,28,0.011254442855715752,0.9671794301584565,0.08054804087388583,1.293428451579756,0.18355444818855596
nafnet_asym1,nbte2_Vacancy-Anion-12A.png,36,0.01059682946652174,0.8150765499894997,0.10854671515727764,1.2360065698178329,0.21337498564250412
nafnet_asym1,tis2_Vacancy-Anion-12A.png,1,0.018510689958930016,0.04525843044991081,0.04664249991005133,1.4369297119086917,0.15846016871444973
nafnet_asym1,tis2_Vacancy-Anion-12A.png,2,0.018557080999016762,0.045302231518874865,0.04666672322058131,1.4476920155667927,0.15420661524765084
nafnet_asym1,tis2_Vacancy-Anion-12A.png,4,0.01903044618666172,0.04465489565640943,0.04704432216757827,1.4450260976616824,0.1523224282962518
nafnet_asym1,tis2_Vacancy-Anion-12A.png,8,0.018225496634840965,0.0449087813392725,0.045980758244385286,1.4285442833247466,0.15620342470429288
nafnet_asym1,tis2_Vacancy-Anion-12A.png,12,0.018098412081599236,0.057677173912460064,0.054430745817835996,1.4806989650299718,0.1819130779871718
nafnet_asym1,tis2_Vacancy-Anion-12A.png,16,0.020541615784168243,0.04982108318201622,0.0543042216611383,0.9797707773894254,0.10287040182328508
nafnet_asym1,tis2_Vacancy-Anion-12A.png,20,0.01836373656988144,0.055368870163181316,0.05233129156911937,1.0560298202407135,0.08644858422597587
nafnet_asym1,tis2_Vacancy-Anion-12A.png,28,0.01890578120946884,0.04275061299311554,0.04659241985000913,1.4426169471810237,0.1528707423334888
nafnet_asym1,tis2_Vacancy-Anion-12A.png,36,0.01755574904382229,0.05834943176964291,0.05408912535363336,1.3835114748542408,0.166710600386716
nafnet_asym1,tise2_Adatom-Li.png,1,0.015339896082878113,0.062059075306268585,0.05534742322208193,1.028203484750266,0.10255060667429101
nafnet_asym1,tise2_Adatom-Li.png,2,0.015465623699128628,0.0520743618997903,0.04714612770898099,1.5102129005533282,0.1810427725134268
nafnet_asym1,tise2_Adatom-Li.png,4,0.01524277962744236,0.05698329820635005,0.05101130465948102,1.47826929046293,0.1788632221586187
nafnet_asym1,tise2_Adatom-Li.png,8,0.015069222077727318,0.048736136005732345,0.04337023155821984,1.07773000310114,0.11978498234749982
nafnet_asym1,tise2_Adatom-Li.png,12,0.015293746255338192,0.06293843525358173,0.04842711272558665,0.7312130518990172,0.14005261342097586
nafnet_asym1,tise2_Adatom-Li.png,16,0.01927834004163742,0.27604378839475224,0.22829889255749708,0.9005533828313886,0.19282461767551062
nafnet_asym1,tise2_Adatom-Li.png,20,0.016299651935696602,0.056637500576887365,0.05076852480276423,1.23025100522175,0.11694258441432719
nafnet_asym1,tise2_Adatom-Li.png,28,0.018180489540100098,0.27990743236736937,0.23437846505491672,1.4171521445592152,0.18031337405726142
nafnet_asym1,tise2_Adatom-Li.png,36,0.014419004321098328,0.058043331721782485,0.04320290894946213,0.6989769567660695,0.17140466513535396
nafnet_asym1,tite2-B_Cu_doped.png,1,0.008859935216605663,0.16730300906889442,0.14354035076140104,1.2636877055453093,0.15148160932736804
nafnet_asym1,tite2-B_Cu_doped.png,2,0.008548456244170666,0.04188273286789694,0.040466375535290124,1.2427750778884041,0.153178824238092
nafnet_asym1,tite2-B_Cu_doped.png,4,0.00860714353621006,0.12383087918122616,0.01167790628043658,1.2398036097024427,0.1545396823721942
nafnet_asym1,tite2-B_Cu_doped.png,8,0.007962316274642944,0.0891167467130856,0.013958522964715591,1.0420753302121892,0.14664748381138196
nafnet_asym1,tite2-B_Cu_doped.png,12,0.007767789997160435,0.1061923230040216,0.009594451235477634,1.1652765976292623,0.18865681561319214
nafnet_asym1,tite2-B_Cu_doped.png,16,0.0087759243324399,0.054805096841552825,0.054827936163479904,1.2617134148676887,0.15097232935116353
nafnet_asym1,tite2-B_Cu_doped.png,20,0.007613092660903931,0.42825189728315394,0.03357267638357691,0.9967352719502723,0.19371288789511595
nafnet_asym1,tite2-B_Cu_doped.png,28,0.007376540917903185,0.012855423472531696,0.012719603885380768,0.9139836163689758,0.18935947147039658
nafnet_asym1,tite2-B_Cu_doped.png,36,0.008460214361548424,0.06041813232337433,0.013842943305655258,1.1301197323786947,0.13314361372444714
nafnet_asym1,vs2_Vacancy-Anion-06A.png,1,0.02310810424387455,0.035784459489023285,0.03160075891502282,1.7222089258488757,0.18062302546273348
nafnet_asym1,vs2_Vacancy-Anion-06A.png,2,0.022848568856716156,0.03944431555190846,0.03630841240982986,1.6788314832926778,0.1799693746789436
nafnet_asym1,vs2_Vacancy-Anion-06A.png,4,0.022354310378432274,0.07012287901485134,0.024464207830770877,1.7356021519818314,0.19614041683835676
nafnet_asym1,vs2_Vacancy-Anion-06A.png,8,0.022436311468482018,0.08139976767160244,0.02987009045286757,1.691250143238406,0.17842619184584493
nafnet_asym1,vs2_Vacancy-Anion-06A.png,12,0.02211158536374569,0.20877984201144703,0.0351033438902504,1.7420393420484894,0.19987773608226572
nafnet_asym1,vs2_Vacancy-Anion-06A.png,16,0.02199968881905079,0.0992164850547472,0.0307656597032823,1.7159616562151898,0.19617899817452208
nafnet_asym1,vs2_Vacancy-Anion-06A.png,20,0.021731942892074585,0.08232470743323549,0.03167870352199549,1.0298536077753124,0.11559211394161409
nafnet_asym1,vs2_Vacancy-Anion-06A.png,28,0.02114001289010048,0.04146921175137733,0.036787841548762225,1.2114956088405255,0.14858850078621016
nafnet_asym1,vs2_Vacancy-Anion-06A.png,36,0.02082487754523754,0.05001503021632776,0.023837037194585298,1.4993420547774094,0.19227360309476282
nafnet_asym1,vte2_Defect-Free.png,1,0.008419000543653965,0.00947870027574599,0.015809915934910414,1.2230562767011393,0.1634959699608286
nafnet_asym1,vte2_Defect-Free.png,2,0.008500554598867893,0.012923459883111183,0.01859803999029319,1.18463260008119,0.1479352999474975
nafnet_asym1,vte2_Defect-Free.png,4,0.008223073557019234,0.013116654380715659,0.015696230871533167,1.1388888576436467,0.13970483202979458
nafnet_asym1,vte2_Defect-Free.png,8,0.00830037146806717,0.012676206446836584,0.017486048624904556,1.1699195072198143,0.14564136376201983
nafnet_asym1,vte2_Defect-Free.png,12,0.008276850916445255,0.015930061037753483,0.020525045888234113,1.1805960701910247,0.15076048040628873
nafnet_asym1,vte2_Defect-Free.png,16,0.008040874265134335,0.022825684139130033,0.024573977929667718,1.1326620551460451,0.1493086622761611
nafnet_asym1,vte2_Defect-Free.png,20,0.00791611522436142,0.01612126811922317,0.011916991490446236,0.9466815256710406,0.1082564711272992
nafnet_asym1,vte2_Defect-Free.png,28,0.00785998534411192,0.01685482774191766,0.011105504144567933,1.1054247767812166,0.1451258527635214
nafnet_asym1,vte2_Defect-Free.png,36,0.007475011982023716,0.018941805511814465,0.008712575252194347,1.1022070664031254,0.1723729384813531
nafnet_asym1,ws2-A_Vacancy-Metal.png,1,0.007821415551006794,0.03341603476484645,0.03272302560883589,0.575896095558807,0.22217361505621708
nafnet_asym1,ws2-A_Vacancy-Metal.png,2,0.007915891706943512,0.028242794553813146,0.027807392448635854,1.044108901764402,0.1306904050415662
nafnet_asym1,ws2-A_Vacancy-Metal.png,4,0.0076591321267187595,0.05020281106358111,0.045397864221976246,0.6278417177745742,0.13463877674154037
nafnet_asym1,ws2-A_Vacancy-Metal.png,8,0.007682204246520996,0.05416338855059435,0.04662377502335194,0.6171743636406859,0.14060200010549015
nafnet_asym1,ws2-A_Vacancy-Metal.png,12,0.007554539944976568,0.04472435161710055,0.04054878211428349,1.0562316910343212,0.15413883710357767
nafnet_asym1,ws2-A_Vacancy-Metal.png,16,0.00764867477118969,0.03354029581544864,0.03381159899409229,1.007794525505439,0.14283357085235956
nafnet_asym1,ws2-A_Vacancy-Metal.png,20,0.007462203968316317,0.028627844526852117,0.029586676354741017,0.8597581879517079,0.11534612888099405
nafnet_asym1,ws2-A_Vacancy-Metal.png,28,0.007237701211124659,0.044765323811850735,0.04175798296013911,0.9539972963604242,0.14533586524923583
nafnet_asym1,ws2-A_Vacancy-Metal.png,36,0.006883493158966303,0.0351579225624041,0.03547047700884448,0.8202226736929764,0.16027858560942482
nafnet_asym1,cose2_Fe_doped.png,1,0.008952392265200615,0.023126610551010274,0.024338524496554298,1.1925195712260785,0.1570607468547219
nafnet_asym1,cose2_Fe_doped.png,2,0.008778931573033333,0.02912806375823361,0.030061865082652767,1.2048560234050452,0.17038207256557591
nafnet_asym1,cose2_Fe_doped.png,4,0.008920510299503803,0.026469848190402268,0.02803591900964008,1.2012815747163343,0.1611355717573427
nafnet_asym1,cose2_Fe_doped.png,8,0.008801494725048542,0.024048710563196,0.025369984612255092,0.7194497469077517,0.11067158935003754
nafnet_asym1,cose2_Fe_doped.png,12,0.008522444404661655,0.048499655924341085,0.04547630738052061,0.7272631941396048,0.1216946202578584
nafnet_asym1,cose2_Fe_doped.png,16,0.008606900461018085,0.016375738197892512,0.02024410349984981,0.6291776774551783,0.15587787934267627
nafnet_asym1,cose2_Fe_doped.png,20,0.00835291389375925,0.022616831281315482,0.020874173711866333,1.1835937669568986,0.1925336846716077
nafnet_asym1,cose2_Fe_doped.png,28,0.008258257061243057,0.034876961856151835,0.03712268294694532,0.7281639327293884,0.15503506547487844
nafnet_asym1,cose2_Fe_doped.png,36,0.007929611951112747,0.02866429941292476,0.026154569935584668,1.1204036366303751,0.2030255531965295
nafnet_asym1,cro2_Vacancy-Anion-03.png,1,0.0266097579151392,0.04932818567990869,0.035269051270156185,1.4846780406904334,0.150060341322562
nafnet_asym1,cro2_Vacancy-Anion-03.png,2,0.025281596928834915,0.06007033820844687,0.03463732980522395,0.7794649328261019,0.11487328547233608
nafnet_asym1,cro2_Vacancy-Anion-03.png,4,0.026183973997831345,0.06000770217795787,0.029436931516721325,1.414553054320949,0.14415260577883474
nafnet_asym1,cro2_Vacancy-Anion-03.png,8,0.024554766714572906,0.07317987231172976,0.038522877873057984,1.516055765942345,0.20178318654608074
nafnet_asym1,cro2_Vacancy-Anion-03.png,12,0.02692805416882038,0.061290761878910215,0.04165610915847144,1.3057971335859186,0.11617167138102327
nafnet_asym1,cro2_Vacancy-Anion-03.png,16,0.023332413285970688,0.0882981145012964,0.04135583123032702,0.6132114662092248,0.20711883565463216
nafnet_asym1,cro2_Vacancy-Anion-03.png,20,0.024363460019230843,0.17248604374757703,0.031072820138246623,1.4377999432943707,0.18796485862120554
nafnet_asym1,cro2_Vacancy-Anion-03.png,28,0.025458132848143578,0.09440425687003112,0.031925741563621976,1.07079494517398,0.11416007447625844
nafnet_asym1,cro2_Vacancy-Anion-03.png,36,0.021229853853583336,0.14557406913687496,0.03481620499507061,1.1062752486482477,0.22895170198317363
