u_precision,u_recall,u_rmse,n_t,n_p,model,structure,level
0.4444444444444444,1.0,0.0,2,9,nafnet,vo2_Vacancy-Anion-03.png,1
0.6,1.0,0.0,3,10,nafnet,vo2_Vacancy-Anion-03.png,2
0.5,1.0,0.0,1,2,nafnet,vo2_Vacancy-Anion-03.png,4
,,,1,0,nafnet,vo2_Vacancy-Anion-03.png,8
0.3333333333333333,1.0,0.7071067811865476,2,9,nafnet,vo2_Vacancy-Anion-03.png,12
1.0,1.0,0.0,2,2,nafnet,vo2_Vacancy-Anion-03.png,16
1.0,1.0,0.0,1,3,nafnet,vo2_Vacancy-Anion-03.png,20
0.375,1.0,0.0,2,8,nafnet,vo2_Vacancy-Anion-03.png,28
0.5,1.0,0.0,1,2,nafnet,vo2_Vacancy-Anion-03.png,36
0.6666666666666666,1.0,0.0,2,3,nafnet,mno2_Defect-Free.png,1
0.8,1.0,0.7071067811865476,4,5,nafnet,mno2_Defect-Free.png,2
0.5,1.0,0.0,3,2,nafnet,mno2_Defect-Free.png,4
1.0,1.0,0.0,1,1,nafnet,mno2_Defect-Free.png,8
1.0,1.0,0.0,2,2,nafnet,mno2_Defect-Free.png,12
0.3333333333333333,1.0,0.0,2,3,nafnet,mno2_Defect-Free.png,16
0.5,1.0,0.0,1,2,nafnet,mno2_Defect-Free.png,20
1.0,1.0,,1,1,nafnet,mno2_Defect-Free.png,28
0.6666666666666666,1.0,0.0,3,3,nafnet,mno2_Defect-Free.png,36
0.90625,0.9333333333333333,0.6546536707079771,30,32,nafnet,mos2-A_Adatom-Li.png,1
0.90625,0.9411764705882353,0.6432675209026769,34,32,nafnet,mos2-A_Adatom-Li.png,2
0.8947368421052632,0.972972972972973,0.7177405625652734,37,38,nafnet,mos2-A_Adatom-Li.png,4
0.8709677419354839,0.9285714285714286,0.6504436355879909,28,31,nafnet,mos2-A_Adatom-Li.png,8
0.9259259259259259,0.8620689655172413,0.565685424949238,29,27,nafnet,mos2-A_Adatom-Li.png,12
0.8888888888888888,0.96875,0.6582805886043833,32,36,nafnet,mos2-A_Adatom-Li.png,16
0.96875,0.9666666666666667,0.7427813527082074,30,32,nafnet,mos2-A_Adatom-Li.png,20
0.7894736842105263,0.8421052631578947,0.6831300510639732,19,19,nafnet,mos2-A_Adatom-Li.png,28
0.76,1.0,0.9128709291752769,19,25,nafnet,mos2-A_Adatom-Li.png,36
0.9622641509433962,0.9902912621359223,0.3960590171906697,103,106,nafnet,mose2-A_Doped-Na.png,1
0.9615384615384616,0.9901960784313726,0.36055512754639896,102,104,nafnet,mose2-A_Doped-Na.png,2
0.9801980198019802,0.99,0.37605071654517747,100,101,nafnet,mose2-A_Doped-Na.png,4
0.978021978021978,1.0,0.2820380374088831,89,91,nafnet,mose2-A_Doped-Na.png,8
0.9680851063829787,0.989010989010989,0.4216370213557839,91,94,nafnet,mose2-A_Doped-Na.png,12
0.956989247311828,0.989010989010989,0.423999152002544,91,93,nafnet,mose2-A_Doped-Na.png,16
0.9368421052631579,0.978021978021978,0.4370483222197017,91,95,nafnet,mose2-A_Doped-Na.png,20
0.8181818181818182,1.0,0.5773502691896258,9,11,nafnet,mose2-A_Doped-Na.png,28
0.9397590361445783,0.975,0.408248290463863,80,83,nafnet,mose2-A_Doped-Na.png,36
0.9375,1.0,0.31399291281137964,72,80,nafnet,mote2-A_Anti-2M.png,1
0.9342105263157895,1.0,0.6513389472789296,73,76,nafnet,mote2-A_Anti-2M.png,2
0.9743589743589743,1.0,0.6688560540599386,83,78,nafnet,mote2-A_Anti-2M.png,4
0.9230769230769231,1.0,0.9636241116594315,74,78,nafnet,mote2-A_Anti-2M.png,8
0.9607843137254902,0.9607843137254902,0.2917299829957891,51,51,nafnet,mote2-A_Anti-2M.png,12
0.9344262295081968,0.9642857142857143,0.31008683647302115,56,61,nafnet,mote2-A_Anti-2M.png,16
1.0,0.9838709677419355,0.7836039099693788,62,58,nafnet,mote2-A_Anti-2M.png,20
0.9560439560439561,1.0,0.408248290463863,87,91,nafnet,mote2-A_Anti-2M.png,28
0.926829268292683,1.0,0.41633319989322654,78,82,nafnet,mote2-A_Anti-2M.png,36
0.9411764705882353,1.0,0.4225771273642583,112,119,nafnet,tate2-A_Fe_doped.png,1
0.959349593495935,1.0,0.3795626385857405,118,123,nafnet,tate2-A_Fe_doped.png,2
0.9391304347826087,1.0,0.3600411499115478,108,115,nafnet,tate2-A_Fe_doped.png,4
0.9390243902439024,1.0,0.47295265146345866,76,82,nafnet,tate2-A_Fe_doped.png,8
0.918918918918919,1.0,0.5773502691896257,67,74,nafnet,tate2-A_Fe_doped.png,12
0.9361702127659575,1.0,0.9474847084398105,89,94,nafnet,tate2-A_Fe_doped.png,16
0.98989898989899,1.0,1.2268474392422466,99,99,nafnet,tate2-A_Fe_doped.png,20
0.9333333333333333,1.0,0.7421082385212816,69,75,nafnet,tate2-A_Fe_doped.png,28
0.984375,1.0,1.0312575156051293,64,64,nafnet,tate2-A_Fe_doped.png,36
0.9523809523809523,0.9833333333333333,0.3682298471593293,60,63,nafnet,vse2-A_Vacancy-Anion-06A.png,1
0.95,0.8444444444444444,0.22941573387056177,45,40,nafnet,vse2-A_Vacancy-Anion-06A.png,2
0.86,0.9761904761904762,0.31622776601683794,42,50,nafnet,vse2-A_Vacancy-Anion-06A.png,4
0.8823529411764706,1.0,0.41522739926869984,30,34,nafnet,vse2-A_Vacancy-Anion-06A.png,8
0.926829268292683,0.8888888888888888,0.3627381250550058,45,41,nafnet,vse2-A_Vacancy-Anion-06A.png,12
0.8484848484848485,0.9655172413793104,0.3333333333333333,29,33,nafnet,vse2-A_Vacancy-Anion-06A.png,16
0.82,1.0,0.4131969352706687,41,50,nafnet,vse2-A_Vacancy-Anion-06A.png,20
0.9230769230769231,0.631578947368421,0.408248290463863,19,13,nafnet,vse2-A_Vacancy-Anion-06A.png,28
0.9166666666666666,0.7419354838709677,0.3692744729379982,31,24,nafnet,vse2-A_Vacancy-Anion-06A.png,36
0.85,1.0,0.24253562503633297,17,20,nafnet,tas2-A_Doped-Li.png,1
0.9210526315789473,1.0,0.3429971702850177,34,38,nafnet,tas2-A_Doped-Li.png,2
0.9615384615384616,1.0,0.28867513459481287,25,26,nafnet,tas2-A_Doped-Li.png,4
0.9354838709677419,1.0,0.8094272134003795,29,31,nafnet,tas2-A_Doped-Li.png,8
0.967741935483871,1.0,0.2626128657194451,30,31,nafnet,tas2-A_Doped-Li.png,12
0.918918918918919,1.0,0.7669649888473704,34,37,nafnet,tas2-A_Doped-Li.png,16
0.9333333333333333,1.0,1.1435437497937313,14,15,nafnet,tas2-A_Doped-Li.png,20
0.9,1.0,0.2721655269759087,28,30,nafnet,tas2-A_Doped-Li.png,28
0.7272727272727273,1.0,1.3165611772087666,15,22,nafnet,tas2-A_Doped-Li.png,36
0.9829059829059829,0.9745762711864406,0.3362193900727166,118,117,nafnet,tase2-A_Vacancy-Anion-12B.png,1
0.9833333333333333,0.9915966386554622,0.34444748191358604,119,120,nafnet,tase2-A_Vacancy-Anion-12B.png,2
0.9824561403508771,0.9912280701754386,0.3779644730092272,114,114,nafnet,tase2-A_Vacancy-Anion-12B.png,4
0.9831932773109243,0.9915254237288136,1.0169503597462535,118,119,nafnet,tase2-A_Vacancy-Anion-12B.png,8
0.95,0.979381443298969,0.6727789971063072,97,100,nafnet,tase2-A_Vacancy-Anion-12B.png,12
0.990990990990991,0.9823008849557522,0.40451991747794525,113,111,nafnet,tase2-A_Vacancy-Anion-12B.png,16
0.9752066115702479,1.0,0.41169348479630913,118,121,nafnet,tase2-A_Vacancy-Anion-12B.png,20
0.9672131147540983,0.9915966386554622,0.3795626385857405,119,122,nafnet,tase2-A_Vacancy-Anion-12B.png,28
0.9754098360655737,0.9916666666666667,0.36667939881128453,120,122,nafnet,tase2-A_Vacancy-Anion-12B.png,36
0.9080459770114943,0.9873417721518988,0.4236592728681617,79,87,nafnet,nbs2_Anti-Metal.png,1
0.9047619047619048,0.987012987012987,0.34874291623145787,77,84,nafnet,nbs2_Anti-Metal.png,2
0.9195402298850575,1.0,0.49041444627368397,80,87,nafnet,nbs2_Anti-Metal.png,4
0.9506172839506173,1.0,0.3804429551263411,76,81,nafnet,nbs2_Anti-Metal.png,8
0.898876404494382,1.0,0.4500351603704096,79,89,nafnet,nbs2_Anti-Metal.png,12
0.9743589743589743,1.0,0.4442616583193193,79,78,nafnet,nbs2_Anti-Metal.png,16
0.9240506329113924,1.0,0.5307448924342753,72,79,nafnet,nbs2_Anti-Metal.png,20
0.96,1.0,0.356034497458156,73,75,nafnet,nbs2_Anti-Metal.png,28
0.45454545454545453,1.0,0.4472135954999579,6,11,nafnet,nbs2_Anti-Metal.png,36
1.0,1.0,0.2721655269759087,81,83,nafnet,nbse2_Cu_doped.png,1
0.9879518072289156,1.0,0.2705008904002297,83,83,nafnet,nbse2_Cu_doped.png,2
1.0,1.0,0.21821789023599236,64,64,nafnet,nbse2_Cu_doped.png,4
1.0,1.0,0.3415650255319866,62,61,nafnet,nbse2_Cu_doped.png,8
1.0,1.0,0.19867985355975656,78,77,nafnet,nbse2_Cu_doped.png,12
0.9885057471264368,1.0,0.24253562503633297,86,87,nafnet,nbse2_Cu_doped.png,16
1.0,1.0,0.23570226039551584,54,54,nafnet,nbse2_Cu_doped.png,20
1.0,1.0,0.19245008972987526,28,28,nafnet,nbse2_Cu_doped.png,28
1.0,1.0,0.1643989873053573,37,39,nafnet,nbse2_Cu_doped.png,36
0.916030534351145,1.0,0.5547001962252291,119,131,nafnet,nbte2_Vacancy-Anion-12A.png,1
0.9124087591240876,1.0,0.5061603966209111,122,137,nafnet,nbte2_Vacancy-Anion-12A.png,2
0.9296875,1.0,0.40471360670018974,119,128,nafnet,nbte2_Vacancy-Anion-12A.png,4
0.9147286821705426,1.0,0.5823490660957642,116,129,nafnet,nbte2_Vacancy-Anion-12A.png,8
0.9411764705882353,1.0,0.5026246899500346,101,102,nafnet,nbte2_Vacancy-Anion-12A.png,12
0.9344262295081968,1.0,0.5065936913756358,113,122,nafnet,nbte2_Vacancy-Anion-12A.png,16
0.9478260869565217,1.0,0.5827715174143585,109,115,nafnet,nbte2_Vacancy-Anion-12A.png,20
0.9038461538461539,1.0,0.41256849850351734,52,52,nafnet,nbte2_Vacancy-Anion-12A.png,28
0.925531914893617,1.0,0.4941518456017623,91,94,nafnet,nbte2_Vacancy-Anion-12A.png,36
0.8846153846153846,0.96,0.4472135954999579,25,26,nafnet,tis2_Vacancy-Anion-12A.png,1
0.8823529411764706,0.9375,0.3922322702763681,16,17,nafnet,tis2_Vacancy-Anion-12A.png,2
0.7647058823529411,0.9230769230769231,0.4714045207910317,13,17,nafnet,tis2_Vacancy-Anion-12A.png,4
0.9,1.0,0.6546536707079771,7,10,nafnet,tis2_Vacancy-Anion-12A.png,8
0.8,0.9473684210526315,0.4472135954999579,19,20,nafnet,tis2_Vacancy-Anion-12A.png,12
0.16666666666666666,1.0,,1,6,nafnet,tis2_Vacancy-Anion-12A.png,16
0.8333333333333334,0.9375,0.4629100498862757,16,18,nafnet,tis2_Vacancy-Anion-12A.png,20
0.8095238095238095,0.9333333333333333,0.5773502691896257,15,21,nafnet,tis2_Vacancy-Anion-12A.png,28
0.9166666666666666,1.0,0.31622776601683794,10,12,nafnet,tis2_Vacancy-Anion-12A.png,36
0.975609756097561,1.0,0.46499055497527714,45,41,nafnet,tise2_Adatom-Li.png,1
0.984375,1.0,0.3621429841700741,65,64,nafnet,tise2_Adatom-Li.png,2
0.9791666666666666,1.0,0.39440531887330776,46,48,nafnet,tise2_Adatom-Li.png,4
0.9787234042553191,1.0,0.4472135954999579,47,47,nafnet,tise2_Adatom-Li.png,8
0.9375,1.0,0.30499714066520933,47,48,nafnet,tise2_Adatom-Li.png,12
,,,0,1,nafnet,tise2_Adatom-Li.png,16
0.75,1.0,0.0,6,8,nafnet,tise2_Adatom-Li.png,20
,,,0,1,nafnet,tise2_Adatom-Li.png,28
0.9107142857142857,1.0,0.4,54,56,nafnet,tise2_Adatom-Li.png,36
0.9827586206896551,1.0,0.3746343246326776,57,58,nafnet,tite2-B_Cu_doped.png,1
0.9791666666666666,1.0,0.14744195615489714,47,48,nafnet,tite2-B_Cu_doped.png,2
0.9811320754716981,1.0,0.19611613513818404,54,53,nafnet,tite2-B_Cu_doped.png,4
0.975,1.0,0.16012815380508713,40,40,nafnet,tite2-B_Cu_doped.png,8
1.0,1.0,0.3086066999241838,42,42,nafnet,tite2-B_Cu_doped.png,12
0.9824561403508771,1.0,0.3535533905932738,56,57,nafnet,tite2-B_Cu_doped.png,16
0.0,0.0,,3,1,nafnet,tite2-B_Cu_doped.png,20
0.9565217391304348,1.0,0.21320071635561044,44,46,nafnet,tite2-B_Cu_doped.png,28
1.0,1.0,0.3227486121839514,49,48,nafnet,tite2-B_Cu_doped.png,36
0.9285714285714286,1.0,0.5222329678670935,16,14,nafnet,vs2_Vacancy-Anion-06A.png,1
0.9333333333333333,1.0,0.3333333333333333,10,15,nafnet,vs2_Vacancy-Anion-06A.png,2
0.9411764705882353,1.0,0.5976143046671968,15,17,nafnet,vs2_Vacancy-Anion-06A.png,4
0.8125,1.0,0.5773502691896257,10,16,nafnet,vs2_Vacancy-Anion-06A.png,8
0.8333333333333334,1.0,0.6666666666666666,12,12,nafnet,vs2_Vacancy-Anion-06A.png,12
0.4,1.0,0.5773502691896257,5,10,nafnet,vs2_Vacancy-Anion-06A.png,16
0.625,1.0,0.0,9,8,nafnet,vs2_Vacancy-Anion-06A.png,20
0.75,1.0,0.0,5,4,nafnet,vs2_Vacancy-Anion-06A.png,28
0.8571428571428571,1.0,0.0,12,14,nafnet,vs2_Vacancy-Anion-06A.png,36
0.9813084112149533,1.0,0.3413280743931446,103,107,nafnet,vte2_Defect-Free.png,1
0.9906542056074766,1.0,0.37977726265637496,104,107,nafnet,vte2_Defect-Free.png,2
0.9826086956521739,1.0,0.41005071993639275,113,115,nafnet,vte2_Defect-Free.png,4
0.9896907216494846,1.0,0.39735970711951313,95,97,nafnet,vte2_Defect-Free.png,8
0.9782608695652174,1.0,0.32163376045133846,87,92,nafnet,vte2_Defect-Free.png,12
0.9896907216494846,1.0,0.3679900360969936,98,97,nafnet,vte2_Defect-Free.png,16
0.98989898989899,1.0,0.3517262290563295,97,99,nafnet,vte2_Defect-Free.png,20
0.9876543209876543,1.0,0.35578403348241006,80,81,nafnet,vte2_Defect-Free.png,28
0.9885057471264368,1.0,0.4176345347922784,86,87,nafnet,vte2_Defect-Free.png,36
0.9137931034482759,0.9818181818181818,0.27472112789737807,55,58,nafnet,ws2-A_Vacancy-Metal.png,1
0.9166666666666666,1.0,0.48617243480439776,55,60,nafnet,ws2-A_Vacancy-Metal.png,2
0.9056603773584906,0.9795918367346939,0.25,49,53,nafnet,ws2-A_Vacancy-Metal.png,4
0.9245283018867925,0.9607843137254902,0.31943828249996997,51,53,nafnet,ws2-A_Vacancy-Metal.png,8
0.9583333333333334,0.9787234042553191,0.29488391230979427,47,48,nafnet,ws2-A_Vacancy-Metal.png,12
0.96,0.9795918367346939,0.4787135538781691,49,50,nafnet,ws2-A_Vacancy-Metal.png,16
0.9230769230769231,0.9791666666666666,0.5052911526399113,48,52,nafnet,ws2-A_Vacancy-Metal.png,20
0.926829268292683,1.0,0.39735970711951313,39,41,nafnet,ws2-A_Vacancy-Metal.png,28
0.8372093023255814,0.972972972972973,0.3333333333333333,37,43,nafnet,ws2-A_Vacancy-Metal.png,36
0.987012987012987,1.0,0.39735970711951313,76,77,nafnet,cose2_Fe_doped.png,1
0.9649122807017544,0.9824561403508771,0.5877538136452587,57,57,nafnet,cose2_Fe_doped.png,2
0.9859154929577465,1.0,0.4662524041201569,69,71,nafnet,cose2_Fe_doped.png,4
0.9512195121951219,1.0,0.5883484054145521,78,82,nafnet,cose2_Fe_doped.png,8
0.9701492537313433,1.0,0.4640954808922571,67,67,nafnet,cose2_Fe_doped.png,12
0.9605263157894737,1.0,0.44095855184409843,72,76,nafnet,cose2_Fe_doped.png,16
0.9672131147540983,1.0,0.4354941703556927,60,61,nafnet,cose2_Fe_doped.png,20
0.9545454545454546,1.0,0.672021505032247,62,66,nafnet,cose2_Fe_doped.png,28
0.9672131147540983,1.0,0.41169348479630913,59,61,nafnet,cose2_Fe_doped.png,36
1.0,1.0,0.7071067811865476,3,2,nafnet,cro2_Vacancy-Anion-03.png,1
0.75,1.0,0.7071067811865476,2,4,nafnet,cro2_Vacancy-Anion-03.png,2
0.6666666666666666,1.0,0.0,2,3,nafnet,cro2_Vacancy-Anion-03.png,4
0.5,1.0,,1,2,nafnet,cro2_Vacancy-Anion-03.png,8
0.6666666666666666,1.0,0.7071067811865476,2,3,nafnet,cro2_Vacancy-Anion-03.png,12
0.6666666666666666,1.0,0.0,2,3,nafnet,cro2_Vacancy-Anion-03.png,16
1.0,1.0,0.0,1,1,nafnet,cro2_Vacancy-Anion-03.png,20
0.8,1.0,0.0,3,5,nafnet,cro2_Vacancy-Anion-03.png,28
,,,0,2,nafnet,cro2_Vacancy-Anion-03.png,36
0.4,1.0,0.0,2,5,restormer,vo2_Vacancy-Anion-03.png,1
0.8,1.0,0.5773502691896257,3,5,restormer,vo2_Vacancy-Anion-03.png,2
0.3333333333333333,1.0,0.0,1,3,restormer,vo2_Vacancy-Anion-03.png,4
0.0,1.0,,1,1,restormer,vo2_Vacancy-Anion-03.png,8
0.5,1.0,0.7071067811865476,2,4,restormer,vo2_Vacancy-Anion-03.png,12
0.6666666666666666,1.0,0.7071067811865476,2,3,restormer,vo2_Vacancy-Anion-03.png,16
0.6666666666666666,1.0,0.0,1,3,restormer,vo2_Vacancy-Anion-03.png,20
0.3333333333333333,1.0,0.0,2,3,restormer,vo2_Vacancy-Anion-03.png,28
1.0,1.0,0.0,1,1,restormer,vo2_Vacancy-Anion-03.png,36
0.6666666666666666,1.0,0.0,2,3,restormer,mno2_Defect-Free.png,1
0.8,1.0,0.7071067811865476,4,5,restormer,mno2_Defect-Free.png,2
0.5,1.0,0.0,3,2,restormer,mno2_Defect-Free.png,4
0.5,1.0,0.0,1,2,restormer,mno2_Defect-Free.png,8
1.0,1.0,0.0,2,2,restormer,mno2_Defect-Free.png,12
1.0,1.0,0.0,2,1,restormer,mno2_Defect-Free.png,16
0.5,1.0,0.0,1,2,restormer,mno2_Defect-Free.png,20
1.0,1.0,0.0,1,2,restormer,mno2_Defect-Free.png,28
0.6666666666666666,1.0,0.0,3,3,restormer,mno2_Defect-Free.png,36
0.9629629629629629,0.8333333333333334,0.6324555320336759,30,27,restormer,mos2-A_Adatom-Li.png,1
0.96875,0.9705882352941176,0.5956833971812706,34,32,restormer,mos2-A_Adatom-Li.png,2
0.9459459459459459,0.9459459459459459,0.6183469424008423,37,37,restormer,mos2-A_Adatom-Li.png,4
0.9259259259259259,0.8214285714285714,0.7223151185146152,28,27,restormer,mos2-A_Adatom-Li.png,8
0.9565217391304348,0.7586206896551724,0.5222329678670935,29,23,restormer,mos2-A_Adatom-Li.png,12
0.967741935483871,0.90625,0.7319250547113999,32,31,restormer,mos2-A_Adatom-Li.png,16
0.9166666666666666,0.7333333333333333,0.674199862463242,30,24,restormer,mos2-A_Adatom-Li.png,20
0.6111111111111112,0.631578947368421,0.4264014327112209,19,18,restormer,mos2-A_Adatom-Li.png,28
0.9090909090909091,0.8947368421052632,0.8744746321952062,19,22,restormer,mos2-A_Adatom-Li.png,36
1.0,1.0,0.6073977599851282,103,103,restormer,mose2-A_Doped-Na.png,1
1.0,1.0,0.5940885257860046,102,102,restormer,mose2-A_Doped-Na.png,2
1.0,0.99,0.3333333333333333,100,99,restormer,mose2-A_Doped-Na.png,4
1.0,1.0,0.621581560508061,89,88,restormer,mose2-A_Doped-Na.png,8
0.989010989010989,0.989010989010989,0.5477225575051661,91,91,restormer,mose2-A_Doped-Na.png,12
0.9578947368421052,0.989010989010989,0.3496029493900505,91,95,restormer,mose2-A_Doped-Na.png,16
0.9175257731958762,0.978021978021978,0.5507910552258941,91,97,restormer,mose2-A_Doped-Na.png,20
0.75,1.0,0.7453559924999299,9,12,restormer,mose2-A_Doped-Na.png,28
0.9753086419753086,0.9875,0.42096934552698456,80,81,restormer,mose2-A_Doped-Na.png,36
0.9733333333333334,0.9861111111111112,0.3380617018914066,72,75,restormer,mote2-A_Anti-2M.png,1
0.972972972972973,1.0,0.3232299675777271,73,74,restormer,mote2-A_Anti-2M.png,2
0.9512195121951219,1.0,0.3223291856101521,83,82,restormer,mote2-A_Anti-2M.png,4
0.972972972972973,1.0,0.6871842709362768,74,74,restormer,mote2-A_Anti-2M.png,8
0.9137931034482759,1.0,0.14002800840280097,51,58,restormer,mote2-A_Anti-2M.png,12
0.921875,1.0,0.7135060680126758,56,64,restormer,mote2-A_Anti-2M.png,16
0.9253731343283582,0.9838709677419355,0.8563488385776752,62,67,restormer,mote2-A_Anti-2M.png,20
0.9659090909090909,1.0,0.39816652969059774,87,88,restormer,mote2-A_Anti-2M.png,28
0.9868421052631579,1.0,0.32659863237109044,78,76,restormer,mote2-A_Anti-2M.png,36
1.0,1.0,0.23145502494313785,112,112,restormer,tate2-A_Fe_doped.png,1
1.0,1.0,0.24356115022372735,118,118,restormer,tate2-A_Fe_doped.png,2
0.9642857142857143,1.0,0.3849001794597505,108,112,restormer,tate2-A_Fe_doped.png,4
1.0,1.0,0.42919753763947605,76,76,restormer,tate2-A_Fe_doped.png,8
1.0,1.0,0.44048819592160315,67,67,restormer,tate2-A_Fe_doped.png,12
0.9888888888888889,1.0,0.7716901048850685,89,90,restormer,tate2-A_Fe_doped.png,16
1.0,1.0,0.45643546458763845,99,96,restormer,tate2-A_Fe_doped.png,20
0.96,1.0,0.3992747047523452,69,75,restormer,tate2-A_Fe_doped.png,28
1.0,0.984375,0.47907013758040845,64,61,restormer,tate2-A_Fe_doped.png,36
1.0,0.85,0.28005601680560194,60,52,restormer,vse2-A_Vacancy-Anion-06A.png,1
1.0,0.7111111111111111,0.39528470752104744,45,32,restormer,vse2-A_Vacancy-Anion-06A.png,2
0.9743589743589743,0.8809523809523809,0.2847473987257497,42,39,restormer,vse2-A_Vacancy-Anion-06A.png,4
1.0,0.8333333333333334,0.2041241452319315,30,25,restormer,vse2-A_Vacancy-Anion-06A.png,8
0.918918918918919,0.8,0.29704426289300234,45,37,restormer,vse2-A_Vacancy-Anion-06A.png,12
0.8055555555555556,1.0,0.0,29,36,restormer,vse2-A_Vacancy-Anion-06A.png,16
0.9523809523809523,0.975609756097561,0.3535533905932738,41,42,restormer,vse2-A_Vacancy-Anion-06A.png,20
0.8333333333333334,0.7894736842105263,0.3651483716701107,19,18,restormer,vse2-A_Vacancy-Anion-06A.png,28
0.9130434782608695,0.6774193548387096,0.3086066999241838,31,23,restormer,vse2-A_Vacancy-Anion-06A.png,36
0.9444444444444444,1.0,0.24253562503633297,17,18,restormer,tas2-A_Doped-Li.png,1
0.8974358974358975,1.0,0.24253562503633297,34,39,restormer,tas2-A_Doped-Li.png,2
0.9285714285714286,1.0,0.3535533905932738,25,28,restormer,tas2-A_Doped-Li.png,4
0.8529411764705882,1.0,0.8304547985373997,29,34,restormer,tas2-A_Doped-Li.png,8
0.8108108108108109,1.0,0.2626128657194451,30,37,restormer,tas2-A_Doped-Li.png,12
0.918918918918919,1.0,0.7669649888473704,34,37,restormer,tas2-A_Doped-Li.png,16
0.7368421052631579,1.0,1.1435437497937313,14,19,restormer,tas2-A_Doped-Li.png,20
0.9310344827586207,1.0,0.3849001794597505,28,29,restormer,tas2-A_Doped-Li.png,28
0.6206896551724138,1.0,1.3165611772087666,15,29,restormer,tas2-A_Doped-Li.png,36
1.0,0.9830508474576272,0.3939192985791677,118,116,restormer,tase2-A_Vacancy-Anion-12B.png,1
1.0,0.9831932773109243,0.34591634777518054,119,117,restormer,tase2-A_Vacancy-Anion-12B.png,2
1.0,0.9824561403508771,0.472455591261534,114,112,restormer,tase2-A_Vacancy-Anion-12B.png,4
1.0,0.9915254237288136,0.5229763603684908,118,117,restormer,tase2-A_Vacancy-Anion-12B.png,8
0.9791666666666666,0.9690721649484536,0.5359422007578724,97,96,restormer,tase2-A_Vacancy-Anion-12B.png,12
1.0,0.9911504424778761,0.46499055497527714,113,111,restormer,tase2-A_Vacancy-Anion-12B.png,16
1.0,0.9915254237288136,0.4529108136578383,118,117,restormer,tase2-A_Vacancy-Anion-12B.png,20
0.9831932773109243,0.9831932773109243,0.4134491152973615,119,119,restormer,tase2-A_Vacancy-Anion-12B.png,28
1.0,0.9833333333333333,0.40126917294073605,120,118,restormer,tase2-A_Vacancy-Anion-12B.png,36
0.9876543209876543,0.9746835443037974,0.4108907018066591,79,81,restormer,nbs2_Anti-Metal.png,1
0.9866666666666667,0.961038961038961,0.42199785755477703,77,75,restormer,nbs2_Anti-Metal.png,2
0.9871794871794872,0.9875,0.3603749850782236,80,78,restormer,nbs2_Anti-Metal.png,4
0.9868421052631579,0.9736842105263158,0.4191368221424547,76,76,restormer,nbs2_Anti-Metal.png,8
0.9629629629629629,0.9873417721518988,0.35805743701971643,79,81,restormer,nbs2_Anti-Metal.png,12
0.948051948051948,0.9367088607594937,0.48257301243311057,79,77,restormer,nbs2_Anti-Metal.png,16
0.9736842105263158,1.0,0.37267799624996495,72,76,restormer,nbs2_Anti-Metal.png,20
0.9459459459459459,0.9726027397260274,0.3964124835860459,73,74,restormer,nbs2_Anti-Metal.png,28
0.625,1.0,1.4832396974191326,6,8,restormer,nbs2_Anti-Metal.png,36
1.0,1.0,0.2721655269759087,81,83,restormer,nbse2_Cu_doped.png,1
1.0,1.0,0.2469323991623974,83,82,restormer,nbse2_Cu_doped.png,2
1.0,1.0,0.25197631533948484,64,64,restormer,nbse2_Cu_doped.png,4
1.0,1.0,0.25607375986579195,62,63,restormer,nbse2_Cu_doped.png,8
1.0,1.0,0.16329931618554522,78,76,restormer,nbse2_Cu_doped.png,12
1.0,1.0,0.21693045781865616,86,86,restormer,nbse2_Cu_doped.png,16
0.9642857142857143,1.0,0.3634218921558155,54,56,restormer,nbse2_Cu_doped.png,20
1.0,1.0,0.19245008972987526,28,27,restormer,nbse2_Cu_doped.png,28
1.0,1.0,0.23249527748763857,37,40,restormer,nbse2_Cu_doped.png,36
0.9285714285714286,1.0,0.40471360670018974,119,126,restormer,nbte2_Vacancy-Anion-12A.png,1
0.9389312977099237,1.0,0.36363636363636365,122,131,restormer,nbte2_Vacancy-Anion-12A.png,2
0.9285714285714286,1.0,0.41522739926869984,119,126,restormer,nbte2_Vacancy-Anion-12A.png,4
0.9349593495934959,1.0,0.3878691504568341,116,123,restormer,nbte2_Vacancy-Anion-12A.png,8
0.9238095238095239,1.0,0.45643546458763845,101,105,restormer,nbte2_Vacancy-Anion-12A.png,12
0.9411764705882353,1.0,0.4451945621839941,113,119,restormer,nbte2_Vacancy-Anion-12A.png,16
0.9553571428571429,1.0,0.4120816918460671,109,112,restormer,nbte2_Vacancy-Anion-12A.png,20
0.9411764705882353,1.0,0.3227486121839514,52,51,restormer,nbte2_Vacancy-Anion-12A.png,28
0.9354838709677419,1.0,0.41522739926869984,91,93,restormer,nbte2_Vacancy-Anion-12A.png,36
1.0,1.0,0.45883146774112354,25,21,restormer,tis2_Vacancy-Anion-12A.png,1
1.0,1.0,0.2581988897471611,16,16,restormer,tis2_Vacancy-Anion-12A.png,2
0.875,1.0,3.24037034920393,13,16,restormer,tis2_Vacancy-Anion-12A.png,4
1.0,1.0,0.7559289460184544,7,9,restormer,tis2_Vacancy-Anion-12A.png,8
0.9411764705882353,1.0,0.5590169943749475,19,17,restormer,tis2_Vacancy-Anion-12A.png,12
0.0,1.0,,1,3,restormer,tis2_Vacancy-Anion-12A.png,16
0.9375,1.0,0.4629100498862757,16,16,restormer,tis2_Vacancy-Anion-12A.png,20
0.9444444444444444,1.0,2.855494029733936,15,18,restormer,tis2_Vacancy-Anion-12A.png,28
0.9230769230769231,1.0,0.5477225575051661,10,13,restormer,tis2_Vacancy-Anion-12A.png,36
0.9347826086956522,1.0,0.4472135954999579,45,46,restormer,tise2_Adatom-Li.png,1
0.9142857142857143,1.0,0.45425676257949793,65,70,restormer,tise2_Adatom-Li.png,2
0.92,1.0,0.3651483716701107,46,50,restormer,tise2_Adatom-Li.png,4
0.9019607843137255,1.0,0.4944132324730442,47,51,restormer,tise2_Adatom-Li.png,8
0.8181818181818182,1.0,0.3779644730092272,47,55,restormer,tise2_Adatom-Li.png,12
,,,0,5,restormer,tise2_Adatom-Li.png,16
0.6666666666666666,1.0,0.0,6,9,restormer,tise2_Adatom-Li.png,20
,,,0,3,restormer,tise2_Adatom-Li.png,28
0.9444444444444444,1.0,0.42008402520840293,54,54,restormer,tise2_Adatom-Li.png,36
1.0,1.0,0.22941573387056177,57,57,restormer,tite2-B_Cu_doped.png,1
1.0,1.0,0.14744195615489714,47,46,restormer,tite2-B_Cu_doped.png,2
1.0,0.9814814814814815,0.19611613513818404,54,52,restormer,tite2-B_Cu_doped.png,4
0.9512195121951219,1.0,0.0,40,41,restormer,tite2-B_Cu_doped.png,8
1.0,0.9761904761904762,0.2208630521496931,42,42,restormer,tite2-B_Cu_doped.png,12
1.0,1.0,0.32732683535398854,56,56,restormer,tite2-B_Cu_doped.png,16
,,,3,0,restormer,tite2-B_Cu_doped.png,20
0.9583333333333334,1.0,0.26111648393354675,44,48,restormer,tite2-B_Cu_doped.png,28
1.0,0.9795918367346939,0.25264557631995566,49,47,restormer,tite2-B_Cu_doped.png,36
0.8823529411764706,1.0,0.5222329678670935,16,17,restormer,vs2_Vacancy-Anion-06A.png,1
0.875,1.0,0.0,10,16,restormer,vs2_Vacancy-Anion-06A.png,2
0.8125,0.9333333333333333,0.5773502691896257,15,16,restormer,vs2_Vacancy-Anion-06A.png,4
0.8125,1.0,0.5773502691896258,10,16,restormer,vs2_Vacancy-Anion-06A.png,8
0.6923076923076923,1.0,0.7905694150420949,12,13,restormer,vs2_Vacancy-Anion-06A.png,12
0.5,1.0,0.7071067811865476,5,10,restormer,vs2_Vacancy-Anion-06A.png,16
0.625,1.0,0.0,9,8,restormer,vs2_Vacancy-Anion-06A.png,20
0.5714285714285714,1.0,1.2909944487358058,5,7,restormer,vs2_Vacancy-Anion-06A.png,28
0.8181818181818182,1.0,0.0,12,11,restormer,vs2_Vacancy-Anion-06A.png,36
1.0,1.0,0.22032632461961588,103,104,restormer,vte2_Defect-Free.png,1
1.0,1.0,0.2594372608313854,104,107,restormer,vte2_Defect-Free.png,2
1.0,1.0,0.3643396256679452,113,113,restormer,vte2_Defect-Free.png,4
1.0,1.0,0.3402785236893603,95,96,restormer,vte2_Defect-Free.png,8
1.0,1.0,0.2626128657194451,87,88,restormer,vte2_Defect-Free.png,12
1.0,1.0,0.32108064953396775,98,97,restormer,vte2_Defect-Free.png,16
1.0,1.0,0.2487080016869035,97,97,restormer,vte2_Defect-Free.png,20
1.0,1.0,0.3535533905932738,80,81,restormer,vte2_Defect-Free.png,28
1.0,1.0,0.30499714066520933,86,86,restormer,vte2_Defect-Free.png,36
1.0,0.9818181818181818,0.3333333333333333,55,54,restormer,ws2-A_Vacancy-Metal.png,1
0.9482758620689655,1.0,0.40451991747794525,55,58,restormer,ws2-A_Vacancy-Metal.png,2
0.9245283018867925,1.0,0.3779644730092272,49,53,restormer,ws2-A_Vacancy-Metal.png,4
0.9622641509433962,1.0,0.3960590171906697,51,53,restormer,ws2-A_Vacancy-Metal.png,8
1.0,1.0,0.3572948005052482,47,47,restormer,ws2-A_Vacancy-Metal.png,12
1.0,1.0,0.40406101782088427,49,49,restormer,ws2-A_Vacancy-Metal.png,16
0.94,0.9791666666666666,0.29488391230979427,48,50,restormer,ws2-A_Vacancy-Metal.png,20
0.9047619047619048,0.9743589743589743,0.6488856845230502,39,42,restormer,ws2-A_Vacancy-Metal.png,28
0.95,1.0,0.43495883620084,37,40,restormer,ws2-A_Vacancy-Metal.png,36
1.0,1.0,0.42919753763947605,76,76,restormer,cose2_Fe_doped.png,1
1.0,0.9649122807017544,1.0363754503432017,57,54,restormer,cose2_Fe_doped.png,2
1.0,1.0,0.45044261646145084,69,69,restormer,cose2_Fe_doped.png,4
1.0,1.0,0.496742636335202,78,77,restormer,cose2_Fe_doped.png,8
1.0,1.0,0.4051902077760665,67,67,restormer,cose2_Fe_doped.png,12
1.0,1.0,0.44095855184409843,72,72,restormer,cose2_Fe_doped.png,16
1.0,1.0,0.454858826147342,60,59,restormer,cose2_Fe_doped.png,20
1.0,1.0,0.5236349380886428,62,62,restormer,cose2_Fe_doped.png,28
1.0,0.9830508474576272,0.4354941703556927,59,59,restormer,cose2_Fe_doped.png,36
0.6666666666666666,1.0,0.7071067811865476,3,3,restormer,cro2_Vacancy-Anion-03.png,1
0.6666666666666666,1.0,0.7071067811865476,2,3,restormer,cro2_Vacancy-Anion-03.png,2
0.6666666666666666,1.0,0.7071067811865476,2,3,restormer,cro2_Vacancy-Anion-03.png,4
0.0,1.0,,1,1,restormer,cro2_Vacancy-Anion-03.png,8
0.6666666666666666,1.0,0.0,2,3,restormer,cro2_Vacancy-Anion-03.png,12
0.4,1.0,0.7071067811865476,2,5,restormer,cro2_Vacancy-Anion-03.png,16
1.0,1.0,0.0,1,1,restormer,cro2_Vacancy-Anion-03.png,20
0.8,1.0,0.0,3,5,restormer,cro2_Vacancy-Anion-03.png,28
,,,0,1,restormer,cro2_Vacancy-Anion-03.png,36
