level,nafnet.psnr_med,nafnet.ssim_med,nafnet.kl_med,nafnet.fft_err_med,nafnet.col_precision_med,nafnet.col_recall_med,nafnet.col_rmse_med,nafnet.psnr_dmg_med,nafnet.psnr_undmg_med,nafnet.psnr_q25,nafnet.ssim_q25,nafnet.kl_q25,nafnet.fft_err_q25,nafnet.col_precision_q25,nafnet.col_recall_q25,nafnet.col_rmse_q25,nafnet.psnr_dmg_q25,nafnet.psnr_undmg_q25,nafnet.psnr_q75,nafnet.ssim_q75,nafnet.kl_q75,nafnet.fft_err_q75,nafnet.col_precision_q75,nafnet.col_recall_q75,nafnet.col_rmse_q75,nafnet.psnr_dmg_q75,nafnet.psnr_undmg_q75,nafnet.n,restormer.psnr_med,restormer.ssim_med,restormer.kl_med,restormer.fft_err_med,restormer.col_precision_med,restormer.col_recall_med,restormer.col_rmse_med,restormer.psnr_dmg_med,restormer.psnr_undmg_med,restormer.psnr_q25,restormer.ssim_q25,restormer.kl_q25,restormer.fft_err_q25,restormer.col_precision_q25,restormer.col_recall_q25,restormer.col_rmse_q25,restormer.psnr_dmg_q25,restormer.psnr_undmg_q25,restormer.psnr_q75,restormer.ssim_q75,restormer.kl_q75,restormer.fft_err_q75,restormer.col_precision_q75,restormer.col_recall_q75,restormer.col_rmse_q75,restormer.psnr_dmg_q75,restormer.psnr_undmg_q75,restormer.n,identity.psnr_med,identity.ssim_med,identity.kl_med,identity.fft_err_med,identity.col_precision_med,identity.col_recall_med,identity.col_rmse_med,identity.psnr_dmg_med,identity.psnr_undmg_med,identity.psnr_q25,identity.ssim_q25,identity.kl_q25,identity.fft_err_q25,identity.col_precision_q25,identity.col_recall_q25,identity.col_rmse_q25,identity.psnr_dmg_q25,identity.psnr_undmg_q25,identity.psnr_q75,identity.ssim_q75,identity.kl_q75,identity.fft_err_q75,identity.col_precision_q75,identity.col_recall_q75,identity.col_rmse_q75,identity.psnr_dmg_q75,identity.psnr_undmg_q75,identity.n
1,31.775731585525996,0.9210256568723213,0.02502781052649835,1.0501887858725145,0.974182367579097,1.0,0.48246408663380513,30.13751835171869,32.82997434132547,28.487411173137083,0.8788454794250837,0.01369361316970635,0.8206690486476385,0.9507238992163616,0.9896373056994818,0.39039014465984606,26.570938801460308,29.024494329582417,35.30966678608961,0.9447085519883456,0.05034378448500685,1.2636038652773425,0.9890555390555391,1.0,0.6223804293701066,32.04708489592908,36.60088323061093,228,32.33694766251516,0.9233051060765776,0.032021595526479554,1.3025799667698665,0.991150442477876,0.993975684993649,0.4326451595563876,27.158746937480053,35.584460647474216,29.603206576792566,0.8741534464385539,0.017299650075660724,1.1313935459329476,0.9784245756633996,0.9840952380952379,0.3515659205277166,21.286962138032024,32.4183193346397,35.58756296808562,0.945536064713292,0.060128310630496874,1.4725275640622084,1.0,1.0,0.5536432299344317,30.39665139180243,37.708449179813265,228,32.12194401141126,0.876617785878974,0.006533338414422,0.0221071949530458,1.0,0.993975684993649,0.3932132890160896,25.099524771190318,35.43924072427338,29.767808819550666,0.8022067161945607,0.0034353522380971,0.020133707746347176,1.0,0.9886546184738956,0.31216264252712556,20.005030900821044,33.519992669927156,34.74453393797544,0.915294840991902,0.0153068810022706,0.0259865189529149,1.0,1.0,0.4814648080487439,28.05870281168201,37.09553153892375,228
2,31.25868117684307,0.9207079181810356,0.02514668299539865,1.0267428546891613,0.975,1.0,0.5255747187898339,30.540708415116455,32.74545822768336,28.360476247689256,0.873025299202043,0.013180258693562,0.8155104353887171,0.9537525354969574,0.9894170911148841,0.40751665327011943,27.268525254904787,28.6227862992525,35.01185597850351,0.9449262192433954,0.05295015866666353,1.2320753819194266,0.9889194139194138,1.0,0.7070828508671332,32.340484983588595,36.7269420195195,228,31.571739398185585,0.922318387677876,0.03520804789109215,1.2743989149633594,0.9894736842105264,0.9919354838709676,0.5068360582808906,26.52908818859469,35.16557105338017,28.936312362351856,0.8691583693243544,0.017916498079299174,1.08111670274003,0.9765340431493416,0.9828325123152709,0.3895646684695233,20.88226917700539,31.95577077597178,34.39509061466255,0.9449196871363669,0.08431523156582829,1.418187393074417,1.0,1.0,0.674536071105902,29.449016546591572,37.432956062339855,228,29.827802637024305,0.8698798809995907,0.008860507347144199,0.02348646116258045,1.0,0.9863466915191053,0.40346281657621075,20.771624366673795,35.19017527438901,27.702228837930864,0.80005309684997,0.004130318864147625,0.02104278681485925,1.0,0.9795991598109575,0.32470717261015136,16.97324679671874,33.39763036694199,32.03863064083161,0.9091838814682086,0.01910462582793735,0.027987138760940125,1.0,0.9921413631889763,0.5025150370315236,24.2947112052763,36.86236491080017,228
4,30.928760003280956,0.9177210184841942,0.03046244730078525,1.038348461271645,0.975919037727646,1.0,0.6212607441973955,29.467417459599844,32.84385949047963,28.345612482100613,0.8732186375662244,0.013005826894155225,0.8169617486429663,0.9521497919556172,0.9878663003663003,0.48290039918640854,25.55694271530861,28.938490782740907,34.57156141711138,0.943498518778977,0.06710652639213494,1.22876148901956,0.9894736842105264,1.0,0.8817896363911429,31.470322641166717,36.6322529641396,228,30.414841390685865,0.9139010834907987,0.0386482029130058,1.2267794995197812,0.9879100007305136,0.9914529914529916,0.6886450882008336,25.51906460453106,34.145780160571505,28.353427537597845,0.8621969849767788,0.021469290435353623,1.0420794585623296,0.9739405331510594,0.9776836158192089,0.47653093883822306,21.454580504723715,30.721666385594894,33.50791714908934,0.9411765198309182,0.10114969212782843,1.3739067355555532,1.0,1.0,1.0606999831907706,28.664704973456345,36.99881746998233,228,27.685786604695636,0.8618079634501422,0.01286651667502625,0.026695110317347802,1.0,0.974736730135092,0.43784040080443215,19.167901643304383,34.863028933017894,24.81431256234699,0.7899398508881376,0.006710687629767725,0.02272842368285065,1.0,0.9624413145539906,0.3480980306758542,15.91121459797246,33.30610802732964,29.831658540594972,0.9029170762275168,0.02870448041554485,0.033136205514231395,1.0,0.9847617395327317,0.572502982217012,22.381937063993647,36.801754559504026,228
8,30.00443475162638,0.9160989244343148,0.0327295686009595,0.9823709280580442,0.9742928892413428,1.0,0.8010685332315801,28.168187142747048,32.10318256033251,27.669530431463546,0.8701944628232754,0.016833999562802848,0.8057373858522536,0.9540043290043291,0.9845552884615386,0.5583813852950503,24.91468905082551,28.202063109237063,33.522244630616825,0.9389612063874282,0.097916561015046,1.2250906758937268,0.9891882516188714,1.0,1.165930884312528,30.7816868635422,35.689265714066,228,28.742131090968414,0.9055164989151332,0.05452079051775255,1.1338002460096814,0.9846153846153848,0.9844951923076923,1.0024213216674025,24.605738051565083,33.23165100394729,26.884845409664997,0.8586563707210836,0.023774388834967825,0.9657136525625659,0.9689093868692349,0.968986568986569,0.6882554946853723,21.510021588553816,29.33693140283648,31.738685073297937,0.9320708350598809,0.22653601135037935,1.3548506772269169,1.0,1.0,1.6190370414790554,27.200917482289363,36.94197855158069,228,24.960132902526478,0.8419725053859306,0.0199460810101055,0.033602304690444,1.0,0.9529775943396226,0.49209547325347525,17.11223759974218,34.4462015429896,22.60778212715768,0.7774176421656838,0.010514186037413002,0.025718081998977724,1.0,0.9336095764272561,0.4077516350950219,14.679308456584302,32.85461118392441,26.97181181742488,0.8825281025565728,0.045812872395326325,0.04653961853792288,1.0,0.96875,0.6425395685129317,20.10850995189911,36.137195348578146,228
12,29.858885006655367,0.9098624400253508,0.0448231044507338,0.9801907080639345,0.9742261193038396,0.9916942376619796,0.9830311158404252,27.10348430997849,32.47212747511617,27.006055522852535,0.8649607978884238,0.022377697345803478,0.7348729694714997,0.9517767743202121,0.976118760757315,0.6351032950087093,23.80571469149558,28.474440193812622,32.82788809538522,0.9363354318733544,0.13479396939421334,1.18202360647305,0.9864625850340136,1.0,1.3956412056104577,29.977507336060867,35.764708887783314,228,28.253534348121775,0.8986258510118493,0.0815284716715642,1.0899729976160575,0.9819000819000819,0.9717645495615201,1.4419787881932387,23.67614571388399,32.956129608253285,26.107156783703836,0.8498393526340877,0.03934664446827582,0.9224195893745682,0.9639550264550265,0.9516129032258064,0.8086815791969125,20.615130910412915,29.086519041149874,30.69824564674805,0.9259648483793935,0.2559595042836663,1.2778761311155984,0.9943814963947936,0.9914336424224863,2.164197898528335,26.208427027254174,36.47048676156804,228,23.35939595228182,0.8235857148142813,0.0358155366824175,0.04673893564794235,1.0,0.9267654194866557,0.49601182101864927,15.693221012631277,34.191632523392585,21.60860115090909,0.7537299323297849,0.018705248675504976,0.03365886090770863,0.9918032786885246,0.9046352583586627,0.3884661541256321,14.144981764907577,32.303147115140476,25.256157181789185,0.8652701779473679,0.07201745815972357,0.06336133819780707,1.0,0.9532696759259259,0.6965485655447787,19.67235757132972,35.907842068079056,228
16,29.13191816756244,0.907101943278942,0.07561491922762564,0.9544399097097248,0.9734492481203008,0.9930704898446834,1.100492253349889,25.98982767326433,31.856821789707716,26.370706129630975,0.8593460617116675,0.026401587669189725,0.7501033151499434,0.9505948446794449,0.9802436125965538,0.7267743567690637,23.179457405334777,27.6018691321623,31.337278773316502,0.9327787875816277,0.2176752961284271,1.160065916915112,0.985347399829497,1.0,1.58016407165276,29.245160330106856,35.367373299064745,228,26.789689737977547,0.885447766283193,0.12687467075557965,1.093464786336815,0.977652933832709,0.9721033382616139,1.8800842474724804,22.626558886405206,31.994420940252354,24.624167587149966,0.8397680044930078,0.04969280102513315,0.9281780177314014,0.9575955734406438,0.9430843598939653,1.1716011453074024,20.44219603473062,27.600111686247253,29.486658875170335,0.9171779368984242,0.3915238766514773,1.2682428097990621,0.991304347826087,0.9923076923076924,2.6895485235864216,25.510110027394294,35.4751181312113,228,21.8991447807975,0.7961967037726432,0.05273043754981445,0.06235008734606605,1.0,0.906906512605042,0.5413902920037097,15.617732938665188,33.718024825209355,19.91608955301593,0.733427322992859,0.02932269882021505,0.03999707516492915,0.9936608078690639,0.8778762080073631,0.4044443456708253,13.37297636540108,32.14242347276862,24.37311096630923,0.8502559659659014,0.1017717189197897,0.08325858165168437,1.0,0.9325779567375222,0.7843870867261356,19.006641887334823,35.579203662339424,228
20,28.03765733974464,0.8990230337650598,0.07807035884716446,0.960664964005688,0.9721446306641837,0.9905660377358492,1.3137300902170934,25.575903303833698,31.60576373180976,26.396898469028766,0.8579382447508829,0.03303897797601438,0.7218671916324158,0.9461850649350649,0.9713875205254516,0.898035449716915,22.756819891251233,27.554563308213975,30.722218137101905,0.9277928262132806,0.2111867565070008,1.1813114442860504,0.9855072463768116,1.0,1.7832656826232873,28.752315534644076,35.02327488622032,228,26.13667673403483,0.8771197113507716,0.13092132638223908,1.0782875872238988,0.9744676227727076,0.9593215664644235,2.170529482048117,22.062114649455378,31.96804469478247,24.443238122979366,0.8336241094636956,0.05884199479217725,0.9002741553069501,0.9554871923656454,0.9265866209262436,1.4631478101438886,19.24921263544791,27.819211965965167,28.226898367942695,0.9125286533661975,0.3612158924423161,1.2424435936431382,0.9891451233842538,0.985347399829497,3.059361410649104,24.571239492816858,35.07261206236583,228,20.73202967918771,0.7842319222378871,0.0694053669644447,0.0715654887537585,1.0,0.8849529780564264,0.5997895452137938,14.902220726242131,33.45266208382489,19.183763553658974,0.7190702760389225,0.0401412973290172,0.05224707337549862,0.9919508196721312,0.8492179863147605,0.43482220484158074,12.95530347922572,31.56920503979326,22.42851291635604,0.8305497067258405,0.12351547948926657,0.09318593136320255,1.0,0.9107769973661106,0.8091487146810035,17.589527635632376,35.586727566924964,228
28,27.08947299098103,0.8937278851618021,0.0721195100387073,0.9153414982736292,0.968251968503937,0.9842927631578947,1.596499102661869,23.950502734378667,31.195813058159725,24.744284579417236,0.8473215631250295,0.03339498333130578,0.743960066523945,0.9444444444444444,0.9577464788732394,1.0188647646950608,21.79323050131088,27.926366479770056,29.65104931123048,0.9190278030153576,0.20863101220115957,1.0993314558986487,0.9850453339230429,1.0,2.3212426271675244,27.03201725095335,34.93344188170996,228,24.42108450462124,0.8603230108118803,0.14165920204719865,1.0084668757774575,0.9709723626558814,0.9301900584795322,2.7915341599578753,20.98686893121882,30.717488593306555,22.795929525998993,0.8129677599892899,0.0640076840040488,0.8834684438731113,0.9486518636003173,0.8879827586206896,2.0078441074912514,18.59203301694493,27.068369538347973,26.562994868455228,0.8932079910938555,0.37393132100527554,1.1905219530470244,0.9894874621107744,0.9725535880708294,3.8141305927682003,22.670781933910057,34.458262004290845,228,19.41734152328781,0.7474916038513422,0.10323882585905414,0.08982332472158405,1.0,0.835665362035225,0.6583361677759058,14.269654046260335,33.360331248663414,17.638969181680153,0.6849421329004709,0.06689467003608852,0.0719968013577337,0.9890945747800587,0.8043465543465544,0.47638038340503,12.586974164812574,31.65676256739604,21.055685270302185,0.799720210818627,0.1625243098137259,0.11845547347150162,1.0,0.8751765536723164,0.9847779907000588,16.535694820675644,35.06506246711831,228
36,26.403905869303486,0.8846431744228971,0.07630656340807501,0.8550770683664592,0.9659046881053857,0.9825071399428804,1.9683440485332706,23.428363643992448,30.742868165022387,24.521084104983736,0.8447695226543134,0.03738988029191015,0.6763205819357094,0.9342907465113128,0.9554054054054054,1.260216354929644,21.490628846785423,26.770918526383966,28.678693594106328,0.9146868705955105,0.17950441622475327,1.070907679115293,0.9815170226969292,0.9944892473118279,2.866676490748093,26.067749971861176,34.377899429306204,228,23.550552744282033,0.8462150416062845,0.14828202017354564,1.0081027306234436,0.9658813747228381,0.9135109864422628,3.166123745426545,19.853790969102334,31.03049326156375,21.89564717967518,0.7963666933144903,0.06552209595692227,0.8405065666309758,0.9387307554600788,0.8582251082251082,2.048722571611832,18.014579425994004,27.38833203407593,25.491917311588068,0.8840127402082925,0.34133009521090124,1.2110407124990517,0.9863926940639269,0.9555310977894343,4.251187960063298,21.938826302978974,33.92232010465679,228,18.21643059106446,0.7172452751542684,0.1411302835958047,0.11472240856514179,1.0,0.803475935828877,0.6462469317942667,13.377612135881044,33.254244812353875,16.482109022488004,0.6527347973780966,0.09076145937559447,0.08873421284794693,0.9866666666666668,0.75,0.4942713385178658,12.278496048860571,31.611554636684403,20.477612562780983,0.7756096263597401,0.20505251278028477,0.1498365817371684,1.0,0.8422934322033898,1.0824421692695272,15.357770477727179,35.04695843788839,228
