family,nafnet.psnr_med,nafnet.ssim_med,nafnet.kl_med,nafnet.fft_err_med,nafnet.col_precision_med,nafnet.col_recall_med,nafnet.col_rmse_med,nafnet.psnr_dmg_med,nafnet.psnr_undmg_med,nafnet.psnr_q25,nafnet.ssim_q25,nafnet.kl_q25,nafnet.fft_err_q25,nafnet.col_precision_q25,nafnet.col_recall_q25,nafnet.col_rmse_q25,nafnet.psnr_dmg_q25,nafnet.psnr_undmg_q25,nafnet.psnr_q75,nafnet.ssim_q75,nafnet.kl_q75,nafnet.fft_err_q75,nafnet.col_precision_q75,nafnet.col_recall_q75,nafnet.col_rmse_q75,nafnet.psnr_dmg_q75,nafnet.psnr_undmg_q75,nafnet.n,restormer.psnr_med,restormer.ssim_med,restormer.kl_med,restormer.fft_err_med,restormer.col_precision_med,restormer.col_recall_med,restormer.col_rmse_med,restormer.psnr_dmg_med,restormer.psnr_undmg_med,restormer.psnr_q25,restormer.ssim_q25,restormer.kl_q25,restormer.fft_err_q25,restormer.col_precision_q25,restormer.col_recall_q25,restormer.col_rmse_q25,restormer.psnr_dmg_q25,restormer.psnr_undmg_q25,restormer.psnr_q75,restormer.ssim_q75,restormer.kl_q75,restormer.fft_err_q75,restormer.col_precision_q75,restormer.col_recall_q75,restormer.col_rmse_q75,restormer.psnr_dmg_q75,restormer.psnr_undmg_q75,restormer.n,identity.psnr_med,identity.ssim_med,identity.kl_med,identity.fft_err_med,identity.col_precision_med,identity.col_recall_med,identity.col_rmse_med,identity.psnr_dmg_med,identity.psnr_undmg_med,identity.psnr_q25,identity.ssim_q25,identity.kl_q25,identity.fft_err_q25,identity.col_precision_q25,identity.col_recall_q25,identity.col_rmse_q25,identity.psnr_dmg_q25,identity.psnr_undmg_q25,identity.psnr_q75,identity.ssim_q75,identity.kl_q75,identity.fft_err_q75,identity.col_precision_q75,identity.col_recall_q75,identity.col_rmse_q75,identity.psnr_dmg_q75,identity.psnr_undmg_q75,identity.n
cose2,32.360573027907506,0.9420239941674736,0.0186176913508043,0.99603918429934,0.981651376146789,0.975609756097561,1.1067971810589328,25.072961081098768,36.73901149006426,28.387089749176063,0.9267177884181619,0.01373542774942285,0.8398473914669657,0.9675438596491228,0.9478319783197833,0.568433706667602,22.061147977362843,32.55077730575124,35.04732819555991,0.948872313465025,0.07073646398273961,1.0353268985363286,0.9895822029300054,0.9814814814814816,1.6114656500563853,27.580904868460692,38.49248158292063,27,28.23639971131153,0.9287157678186592,0.0368038164344649,1.1116413351123895,1.0,0.9375,1.2551779547590882,18.729864722928163,37.263368285494586,26.332004991827983,0.9090164346543859,0.0195562815751342,1.0185246900228533,0.9818166858647359,0.9054878048780488,0.6578881362586102,17.22410192275654,34.6413059363047,32.324954877331955,0.9445420044595083,0.19559936919955673,1.2517839840514866,1.0,0.9803240740740742,1.7586917139990053,22.373949271068454,38.6397303971992,27,22.94506082551304,0.8650313594995591,0.0223733944986679,0.0507300464059359,1.0,0.934959349593496,0.5308655025693249,13.29289737871668,36.57259631181929,20.459717308786708,0.8291878733342124,0.0097216041637977,0.0296126842580047,0.9916643512086691,0.8674768518518519,0.44120248137551016,12.554981592968028,35.64853950422211,30.126007955419652,0.9057868908197987,0.05522922545986525,0.0766846591149232,1.0,0.9739159891598916,0.6083773520077881,17.732271645257022,36.81213262483771,27
cro2,27.03107388356326,0.7621319360026259,0.0682712449437104,1.023401407882787,0.9382716049382716,0.9714285714285714,0.7779866052154991,27.03987546620056,27.116988781654264,24.6624497965474,0.7517572182597738,0.0337211581388691,0.928064527982086,0.9172374429223744,0.95,0.5361902647381804,24.436149299606754,24.997140787271157,28.70004802823574,0.7711743185974365,0.09379757396435255,1.3967564374667774,0.9804577464788732,0.987012987012987,1.5616370615270698,28.606985758454265,30.623508445630765,27,24.8165451699516,0.754301807148062,0.0902412232126315,1.158078535470753,0.9473684210526316,0.948051948051948,1.925066843759244,24.66452011812528,29.77668367347268,22.890561684016873,0.7083790350974658,0.0456078704993403,1.1032291298018073,0.9033333333333333,0.9246753246753248,0.49828176658071033,22.016874427591524,26.88172130945525,28.844550295800826,0.767540014596426,0.12997547418204913,1.433523453881035,0.9580399061032864,0.9714285714285714,3.885928313074764,28.238154779806738,32.68962263710809,27,22.296407817843672,0.6163499217932266,0.0314831411190723,0.0482979119441409,0.972972972972973,0.95,0.5537749241945383,21.01181101200154,31.700620579345134,17.14610267482316,0.5635348372323186,0.0193455341989968,0.02549477757725225,0.9426699426699428,0.8428571428571429,0.5037596094612762,17.039489520389438,31.10816274524995,26.24376265742326,0.6419588337363153,0.0861353678904092,0.08361373030742915,1.0,1.0,0.7382144535735935,25.300503138249876,32.13197458959449,27
crse2,29.31735600531082,0.8514183283934437,0.0332236780298916,1.177471255439143,0.986013986013986,0.9935483870967742,0.9431915975083692,26.33032392413053,32.12783585868637,26.124509797649466,0.8427138350396639,0.018982604903245548,1.052488497361737,0.9678453267162945,0.9896373056994818,0.662035627233539,24.358713798033936,27.234021084128603,31.257400931298836,0.8995942727967818,0.0461803452147628,1.2598709105841022,0.9884492260981486,1.0,1.1557781509985479,30.13936076349843,33.99540113639203,27,27.656479512497825,0.8518280111231598,0.032773135838624,1.2533792526022671,0.979591836734694,0.9870967741935484,1.150870675296872,24.46357871520596,32.630199346945005,24.892368497834035,0.8205157819424403,0.02534133632363695,1.1805330872735933,0.9609952194697957,0.9715025906735753,0.645750688275082,21.969551680210984,27.61006576390684,30.609276400953533,0.8947160724195945,0.06840587082175695,1.3421556459119883,0.9871381306865178,0.9941835199732575,2.17502036547806,27.73775875323473,35.979726837469244,27,23.86125243218321,0.7544462705584674,0.0251037151753147,0.0360715631306568,1.0,0.9602649006622516,0.6586528140164322,17.225580643558494,33.380998841978496,20.263575772652167,0.7268381064129561,0.01282440902009235,0.02608740463216215,0.9947638237793678,0.8857295449690237,0.49552069635146967,14.57521813898057,32.46928020791759,29.281296092172703,0.7905855844873737,0.0463753338103728,0.0623444683531122,1.0,0.9903225806451612,1.0345425636969796,23.348258128423417,34.788069103956346,27
crte2,29.6009940677528,0.914453645847636,0.0246571989995168,1.298480354551642,0.9798994974874372,1.0,0.6398099132915954,26.41013027976168,36.007609983241686,27.497200149384717,0.892229875017509,0.016392433007996948,1.1062144057388612,0.975,0.9945289206917114,0.47230239754073433,23.62227624045532,29.104191118089517,32.57463192696608,0.9222013068729769,0.06832185898830276,1.3671453766497936,0.9875776397515528,1.0,1.1003944351447748,30.977561805287113,36.81580331592174,27,28.510633359285112,0.8988516157923164,0.0613130791564655,1.228871051924899,0.9875,0.9883720930232558,1.2208381792328629,22.11320336195889,34.639466877533444,24.83747819271654,0.8804829257315318,0.023105143848709903,1.1301321125741461,0.9810708598726114,0.972644603458557,0.5967931458514733,19.669020168954077,32.61885029840475,32.19141092570418,0.9149140363075474,0.14660037483955085,1.2826672462089315,0.9937106918238994,0.9945289206917114,2.0915242563706085,26.60628650093135,37.05290316656013,27,21.897667636029603,0.8182829275258813,0.0223583022317218,0.0354920503713112,1.0,0.9534883720930232,0.4485347611419462,15.402869360189875,34.08062183185413,19.319395333407662,0.7696322413765346,0.00918868636013885,0.024452100099730402,0.9969696969696971,0.8930817610062893,0.4190720045878032,13.798180410941093,32.80042648757723,27.7483352025404,0.8434161670793168,0.0745573274933636,0.07289647933697015,1.0,0.9834542815674892,0.9018001632215467,18.784122691595506,34.83264830442225,27
cus2,32.48969220345002,0.9124253355635336,0.0532141843435767,0.969708737264336,0.9552238805970148,1.0,1.231107225224513,24.794285261569343,35.0201313220441,30.08949513123933,0.9062854737853787,0.0176296804208544,0.874176782430614,0.9464285714285714,1.0,0.7029141611806669,22.19547642322768,33.69291340541979,34.88790503969429,0.9187742298031546,0.1225239394285673,1.127259952352627,0.9687194525904204,1.0,1.562742603152783,30.948032209577192,36.37750536845475,27,33.522288658331085,0.9137710282004946,0.0422465518382075,1.324342325754741,0.984126984126984,0.984375,1.0532687216470449,23.23760372617178,37.03380732820729,29.12837055335749,0.8970609355234421,0.0180314102001149,1.2062157587944293,0.9644654088050315,0.9655070754716981,0.544673540132429,21.153873122441624,34.96235505155556,36.34589842475732,0.9182242554970608,0.0938880028284288,1.5096738104192873,1.0,1.0,1.7400756604919683,28.362470462091643,38.430375288134115,27,29.258347467158604,0.8370851424852436,0.0314674036560188,0.0321320084836088,1.0,0.9433962264150944,0.4714045207910317,18.610419611535647,36.35468830178919,25.697088024132864,0.7931341505633881,0.0131092308454044,0.02529478814411,1.0,0.8887087264150944,0.40352604574547046,16.32548907265443,35.261060939857444,33.763114807809075,0.8543185226754996,0.08261033599910325,0.07048790542384059,1.0,0.9863013698630136,0.7181461651549175,21.451396941101024,36.981428161564295,27
cuse2,30.525891365009784,0.8981185058281914,0.0271728221932563,0.9388656516962224,0.9819277108433736,0.9757575757575756,1.5966004346663816,22.9110436312648,34.48342293152089,28.797448697148045,0.8811749298393958,0.01759347310045005,0.7394083586545395,0.9725274725274724,0.9529446082043724,0.8560199741625061,21.969400072331275,32.67804043227322,32.630140226725075,0.905735568110649,0.2386125262834595,1.069729077344765,0.9878409342893044,0.9915349143610013,2.1367758582070273,24.248345307144483,36.11415228882767,27,29.39048874064224,0.8841392010375395,0.0573314903498328,1.4031344227001497,0.9876543209876544,0.9696969696969696,1.6622749155109218,22.38114842806412,34.109384325099256,26.995101638334006,0.8605803813493051,0.02110157030446315,1.2048002033006442,0.9719355847404628,0.9212121212121211,0.623547828696547,20.521089540086923,30.11409630038056,31.526151508125118,0.8997363238089524,0.26893563931280234,1.505566122721711,0.9972527472527473,0.9889154998771801,2.404131895522034,23.66616021545162,37.718495153943195,27,26.322718876163247,0.8167384135090442,0.0459052080508362,0.0351682127801311,1.0,0.9515151515151516,0.6007884366082042,17.420687691026984,35.11163958357293,22.645811737640646,0.7642280585753369,0.0140250720413444,0.021630440384302597,0.9943174480175643,0.8802773497688752,0.5178645064595178,15.692660348309879,34.085181417381065,31.11914625809556,0.8424068545422072,0.09085186542667306,0.06875169946615756,1.0,0.9913199794555727,0.8222593488581557,20.108298363611567,35.53449057663383,27
feo2,27.324915672998586,0.7899096847931715,0.235104655438653,1.091915005844959,0.9866666666666668,1.0,1.0939475816854345,27.873313023232868,29.286651275011074,22.396542576143606,0.7734517824524412,0.137934065798448,0.9648136379692274,0.9298631476050832,0.9932432432432432,0.7259662712736915,25.02223436466892,19.807847484778556,29.37980762741813,0.8039662995660934,0.676637480337914,1.2451004860595802,0.9866666666666668,1.0,1.6363295724275044,29.155518295260105,29.930627078167777,27,26.647951660097657,0.7858485722725829,0.1781857380099885,1.363893648679136,0.9861111111111112,1.0,1.433197144168957,25.668562517085302,32.00635706907254,24.35270994145675,0.7704962873341721,0.10241068041844795,1.2588899552378923,0.9527529761904763,0.9594594594594594,0.7071067811865476,24.152897206952893,27.982291553130153,29.95688973905158,0.8038873479709243,0.5532453086144122,1.4909932246911586,1.0,1.0,3.4182290022084727,29.126749551818904,33.60881278477278,27,22.930433389496848,0.660783153557733,0.0443816851339125,0.043600715902675,1.0,0.945945945945946,0.5270462766947299,21.71545698438784,31.829993668173685,18.224749974461638,0.6131955232773388,0.0147242541291134,0.0308868138226722,1.0,0.8654186973859105,0.4550618226931168,17.167459356122222,31.058354136176618,28.46494431378705,0.6901832145458211,0.09912474896753296,0.060637722686135195,1.0,1.0,0.74018976390904,26.89614005853879,32.256473007071875,27
fes2,28.762933054055853,0.9377615350462564,0.028583906681792,0.94397464176269,0.9444444444444444,0.9775280898876404,0.5222329678670935,26.0868432150235,32.486668923746194,27.238945090089622,0.9305285828964223,0.01448431346750155,0.6216963567169058,0.9266213791335555,0.9582973206568712,0.4170406537801976,22.125574108795657,27.405052730297193,35.26227671017906,0.9518738682385803,0.05056677419432225,1.0343770099849805,0.9547661640684896,0.9943820224719101,0.9895244147081762,30.76614079396183,39.05249070810469,27,27.68569615847428,0.9054754835131316,0.1312925804095533,1.03550068043166,0.948051948051948,0.9438202247191012,0.7656414934887764,20.058993328039577,29.799265815181023,24.4636450030976,0.8768831036478822,0.0292537827752412,0.9289295514438378,0.9347455822865659,0.9165946413137425,0.49225678481784363,18.332245101150242,27.66632994346946,31.317141517885,0.937555006514281,0.3692869515852463,1.107283478568273,0.9672131147540984,0.9705128205128206,1.8891979773835406,23.227126022849074,34.82960635648508,27,23.81582813688722,0.8739161448676683,0.0210006825413213,0.0300069122562326,0.9523809523809524,0.9487179487179488,0.3487429162314578,14.44436263988065,36.38977742449232,21.088545872155578,0.8352959075031037,0.007089743497965401,0.0225071159327676,0.9318181818181819,0.868632958801498,0.31095076518389553,13.267616111261887,34.614553660863336,28.44271456713479,0.9079779505865784,0.05502284993873785,0.0672690058119047,0.9673022095509622,0.9852564102564102,0.5321297481942966,17.041037895441644,36.61963531209446,27
ges2,25.73813410490245,0.8373743012374422,0.0551308861368619,1.1754124158570722,0.956140350877193,0.990990990990991,1.6447684207494797,25.615678212342434,26.611316869931837,24.35963320317775,0.8236580046829278,0.04503118002209555,0.9407241120106339,0.9420276325616133,0.9896907216494846,0.9028302827725531,23.74740838114975,24.181701828181396,27.486388241913545,0.8445396858654486,0.0831125278711284,1.4017227245462687,0.9649122807017544,1.0,2.134248177519897,28.275856317306854,28.267831721802153,27,25.72056851532285,0.8255509028971361,0.0763132066628654,1.345519304548375,0.9702970297029704,0.9693877551020408,1.889415907924531,24.192278939155926,27.823027575136678,24.21463900105767,0.8176770227211645,0.057742603681969804,1.1708462247794138,0.9612794612794612,0.9459459459459458,0.8298395951096365,22.08344605651133,26.569653993293425,27.421343572813697,0.8357849635420367,0.1228842771233528,1.4464727561100128,0.9793726741095163,1.0,2.602710047610449,27.610457862400985,29.40743263691904,27,21.846249159239957,0.7234178634432512,0.046853633492167,0.0395564609013047,1.0,0.9183673469387756,0.7403221751892368,17.798097057736154,33.47302961889713,19.641268979592247,0.6879687214441637,0.0391732617430156,0.0226084252813815,1.0,0.8615611192930781,0.5297518286922145,16.145562813821805,33.19638724601389,26.278101321005984,0.7544414372365857,0.06507918340611735,0.06563592029420795,1.0,0.9846412791920893,0.828715593417706,22.156062624283173,33.61954060045543,27
gete2,34.60471591751646,0.9538553566250916,0.015664353735718,0.8453055372862988,1.0,0.98989898989899,0.5345224838248488,30.81133117518182,37.41835299213166,30.287608879579928,0.9413523393951652,0.01114610531950205,0.5848169419345415,0.9704815141708345,0.979554162312783,0.43533205889492727,27.40105219036787,31.43483056624263,37.24340997805738,0.9648505134867598,0.13298148238080065,0.9862582266686485,1.0,0.996551724137931,0.7157649907996644,32.90063371327197,39.86740392775606,27,31.797810641305794,0.9483175996347752,0.0316607920106781,0.9541200620892536,1.0,0.9763779527559056,0.6684373647831918,23.18167535988743,36.5939169070134,27.794782296449185,0.9262598000940048,0.01703675963492575,0.7359985304418977,0.9782196969696969,0.9090909090909092,0.3881183015802123,17.974410822402653,33.95180627631673,34.513084993977884,0.9584886048568112,0.1166128688372461,1.0362972174390808,1.0,0.9921259842519684,1.613370186414382,29.466381061241854,40.077515440494764,27,25.230503722213207,0.8793334194073991,0.0191052516467957,0.0472639636233098,1.0,0.984251968503937,0.4338609156373123,16.715526459306048,37.0743029527358,20.94947690784654,0.8047099275727922,0.004888965554999699,0.022530332795995,0.9897948557742373,0.8584267875606458,0.359354442201799,13.06640600518753,36.254553668377376,32.48016304458095,0.9273820520883622,0.14064419964375735,0.107434978080755,1.0,0.9910124870754792,0.6108475677189138,22.921638084795774,37.69562417429343,27
hfo2,26.667269283684565,0.9174094925152712,0.1447921175930448,0.7717871029633384,0.9411764705882352,1.0,3.009375022852588,21.44876528625321,28.4331898550779,25.476010205238822,0.8989642400560625,0.0326988423226807,0.6926358743093345,0.9402985074626866,0.9861111111111112,0.771613338773045,18.301105592504143,27.588406284989933,27.60495659454715,0.928150736151964,0.32818171867152257,0.9027489796050815,0.9853632478632479,1.0,3.828322053667941,23.279331021764232,29.68545859539568,27,26.317784187649536,0.9123610296367358,0.3139311544672738,0.8704152213889237,0.9692307692307692,0.984375,3.062975380543921,18.046507743580587,31.81007838857357,24.679937964389193,0.8884414279836819,0.06297991986366555,0.7916010685686592,0.9541958041958043,0.9722222222222222,0.6140457218668787,16.50312798121584,30.111588442675767,28.84177060288183,0.9316178043270464,0.5636185283847841,0.9676625909632226,0.9850861688024746,1.0,4.177171593450316,19.352073959762265,33.63098285022867,27,25.422283843982058,0.8789908154876758,0.0316506897530254,0.0431947918608333,1.0,0.9305555555555556,0.3333333333333333,14.29671789512494,35.469303418652345,21.61669237278049,0.8271456002048225,0.0057656153402046995,0.0234263469703357,1.0,0.8888888888888888,0.2907225782396864,13.201949986447975,34.038855441163975,28.629575501693807,0.9080925848027992,0.06714678590719506,0.06733278905292339,1.0,0.978174603174603,0.3682298471593293,15.303950160713065,36.43113018368541,27
irte2,30.88789125542867,0.9354478404159274,0.0172705218681333,0.597805190624003,0.9728260869565216,0.9944444444444444,1.07632241700858,26.79371042077445,31.82715661220338,29.93329257178575,0.9298200565271699,0.0130827370295656,0.5112352797522322,0.9511630980703145,0.989247311827957,0.8189968826419696,24.2271661755813,30.46990558373585,33.29202687237994,0.9477226267583709,0.04515595317833645,1.0494044912556513,0.983957219251337,1.0,1.724019994923669,28.221976571720816,35.01310888048894,27,31.89871873919097,0.9353725405544911,0.0403953428923043,1.0921366873972531,0.9893048128342246,0.9777777777777776,1.5022751416078537,21.981271226457505,36.42472928534488,29.336069131975485,0.9158337938169564,0.02069774866468085,0.9436293956033284,0.9836481910532882,0.956989247311828,0.5293849425146284,19.98501157316914,35.342713802612025,34.63886921238539,0.9450443681768839,0.11204813440800779,1.1875619031276847,1.0,0.990119151409474,2.544903842539006,22.762791639764483,38.378081041946345,27,27.14076833893461,0.8776784886471866,0.0276710660759512,0.040853976287544,1.0,0.946236559139785,0.4869429145822492,16.35564537057897,35.60856146302279,23.06382894762819,0.8359273879759412,0.0057497751886175005,0.02749087957147315,0.9946380311655454,0.8903903903903904,0.37257925491324495,14.415546632109283,35.18672330552565,33.28178589035684,0.9039747126562733,0.05784062351249805,0.06220985494108655,1.0,0.9863799283154122,0.9457178086477129,18.69658320986127,40.300463220308366,27
mno2,29.86435982547032,0.8012580013735116,0.1284239944681041,1.4203670464229057,0.9855072463768116,1.0,0.8908708063747479,29.507071774607084,32.80456189058359,27.3567638195208,0.7806048288787959,0.07237225541431375,1.1027620711824815,0.984375,0.9926470588235294,0.5110499564558697,26.713604794588303,29.376434060225122,31.083277882562662,0.811176971939697,0.367045701502469,1.4884636526607569,1.0,1.0,1.390597217735994,30.2732053246323,34.330977316635234,27,28.0117146645454,0.7814500913636094,0.1250801165949643,1.4622896891846682,0.9866666666666668,0.9852941176470588,0.9153348228041136,26.432029179782308,31.71598336485272,24.6595489685241,0.7594167526270649,0.08816700382661011,1.287457582061906,0.9844877344877343,0.963235294117647,0.626012227060553,23.491032856002434,30.905015241855097,30.290503644899403,0.8060058205157188,0.5893277231728224,1.611835017558756,1.0,1.0,3.267239182555154,29.19798653189676,34.07528760868048,27,21.401402283415383,0.6370264328054578,0.0534685719681458,0.0524994372189176,1.0,0.921875,0.4404881959216031,18.9874638258151,32.15336701723007,18.856933789895017,0.60316736195849,0.04105894127263365,0.0311376798110067,1.0,0.8488051470588236,0.3656574039105876,16.97938824874796,31.736764698181602,25.177210262410654,0.6794204613448043,0.1215136951394916,0.08752895468897764,1.0,0.9696691176470589,0.5339294454287584,22.257852731255042,32.67415361491307,27
mns2,27.433929044814874,0.8273086464312625,0.0690814556377287,0.9941021862262022,0.96875,0.9905660377358492,1.2731723143139282,27.74548932173154,30.427334333701637,26.505165827309327,0.8220543070694214,0.0478898783859672,0.7937145552033268,0.9588714205502527,0.9764150943396226,0.6045724034813018,25.732495450982448,25.919466633820267,29.72231211705766,0.8438580324610837,0.2094580974578022,1.2503688433967954,0.990430402930403,0.9923664122137404,1.8371667897589754,29.236326647656707,33.355494859816375,27,28.26219487530341,0.8314052173052204,0.0766596594539066,1.442379723716786,0.9918032786885246,0.9716981132075472,1.323631368621944,25.82743249531227,33.63326339119291,24.26612602237678,0.7885893945146822,0.0575585656262253,1.3236133462914002,0.9808608058608058,0.9356981132075473,0.5509469311215205,22.874199319097514,29.94893620647955,31.031495065936042,0.8395037091286417,0.2070387351347657,1.5124619128128338,1.0,0.9912830188679246,2.780604652915077,28.215580880506444,34.44356623064368,27,23.94505601587294,0.7172135001637937,0.0533574366892729,0.0414332194363096,1.0,0.9541984732824428,0.5971508580642095,20.63647903593598,32.68713658814559,19.486901492019594,0.6693254989258296,0.04220287896366725,0.02587011363234335,1.0,0.8706792452830189,0.5163004568659229,17.390534173611407,32.40149840914018,28.674041561511693,0.7338137518627798,0.07683187883375184,0.06869709934324394,1.0,0.9905660377358492,1.1968140738759878,26.184335963569744,32.930728701289596,27
mnse2,28.134543254725173,0.8565659839564104,0.0228490593262265,1.1517467795266016,0.9696969696969696,1.0,1.0531834608931392,27.296131363897643,32.250044915613515,25.688102991744103,0.847884739503181,0.01978732770759615,0.9933607503164303,0.9627778877234646,0.9906250000000001,0.6053400511629738,24.546411782664105,28.08493495986645,30.132599726831124,0.8611642002698786,0.03966411573818935,1.2706744652388378,0.9804756999719075,1.0,1.5721792577557696,30.425318750937862,33.63558500629705,27,27.468787462187446,0.849721436550717,0.0314947753826443,1.3016642840382864,0.9775280898876404,0.9836956521739132,1.2058287558794354,25.850126109488013,31.921663584363635,25.77094819680854,0.8246109303011532,0.0269071030245077,1.1645021182382136,0.9668417195896435,0.9640086206896552,0.6330030063598457,23.671546514801836,29.96262782793125,31.42275520458692,0.8590018303979055,0.07850448982113535,1.3524113605564674,0.9882064052016324,1.0,2.117767065206379,29.6661942202757,32.714533724354,27,19.37135087493709,0.7170911705841988,0.0448021781656874,0.0374460891051723,1.0,0.9080459770114944,0.8207381501496754,16.63262159802104,32.928097684567426,16.350470071296876,0.6589136515178953,0.013298637379669801,0.0234193430795528,0.9970414201183432,0.8156546726636682,0.4846690998040222,14.234180737402777,32.70913031363557,28.605396127236425,0.7698634136030922,0.1277863198470598,0.07048565402807405,1.0,0.98125,1.1118352116281596,24.479357784407746,33.13441620170683,27
mnte2,35.79536325593174,0.9613464457594822,0.0234837817130979,0.9300033961044908,0.9852941176470588,1.0,0.5183210553488161,28.24740566395425,40.274366992442665,30.587900792358084,0.947577764758881,0.00852645765492935,0.8159031433403978,0.9827586206896552,0.9850746268656716,0.35335246474492576,22.88878744132809,38.10953512096858,39.16145530728626,0.9700334138156612,0.08931221418202259,1.0568272175135722,0.9856107660455486,1.0,1.3859879165360458,31.270010170734317,41.23847354085671,27,28.93483544188743,0.9432700692967008,0.0482085050398644,0.8303505162098367,0.9642857142857144,0.9859154929577464,1.1785113019775793,18.57940231839961,37.20168759341107,26.383741908401653,0.9232549469572153,0.0233160101531178,0.6809403782066312,0.9455665024630542,0.9649122807017544,0.3642013975172292,15.995041504632013,33.51364676810802,32.1900592963086,0.9574986671654081,0.19776944131488924,0.9626476651162279,0.9851843722563651,1.0,3.9491477285777092,21.53382369132583,38.363761412976274,27,24.18951475048676,0.8978245795792877,0.0327103708815353,0.0488282542305258,1.0,0.9577464788732394,0.2731791823540765,13.132787837789826,37.40620672875679,22.335304591889663,0.8502625074352894,0.0058142915059983,0.02669014051703895,1.0,0.8955223880597015,0.22842257347211636,12.601646217068598,36.61728174213104,32.014478790907376,0.9392865803183539,0.059023931889014294,0.0744161173748483,1.0,0.9929577464788732,0.3352010120632263,15.223859893632767,38.45333324456681,27
mos2,27.647993469488316,0.8753520056378254,0.034998335327056596,0.916659284056955,0.9462869502523432,0.9834710743801652,0.7248807019175256,27.462054877461725,30.266777542800547,25.39981077281906,0.8582059813763097,0.021605808778927375,0.7529389607776293,0.9138933316929134,0.9576040081177066,0.6146901880797982,24.366627114697557,25.827954237171323,31.031115161383894,0.8928876317000183,0.12511408838216903,1.1874172612175264,0.9718291404612159,1.0,1.3466992587359878,29.898945821627155,34.01889533784062,108,27.905197749841566,0.86576946083544,0.0830316105521545,1.143749258334982,0.9736842105263158,0.9640705679862307,1.1491977553610897,23.931832250157683,32.666729817187935,25.14654913253186,0.8389692373149666,0.039784785536078796,1.0263208525919263,0.9331081081081081,0.9055145767474535,0.5749595745760689,21.343998250723715,29.387782958540186,31.6678717131485,0.8892400214417917,0.15873350569509517,1.3111503366573312,0.9875385802469137,0.984375,2.189913843420451,27.27894726137182,35.13672930291897,108,23.9887143597228,0.7751689348303459,0.02937957837066795,0.0397582582027808,1.0,0.9241698595146872,0.4945997952351142,18.285119423506572,33.7381523368429,19.85778058855528,0.7308645411490747,0.017030940633296725,0.025479515821816224,0.9796540093569797,0.8626448893572182,0.3922322702763681,15.173555503353853,32.76099540926859,29.387217491044503,0.811475047515495,0.07213093068492538,0.07840223305007976,1.0,0.9692809466019418,0.6281007312948084,22.175751005900022,34.306181065966236,108
mose2,30.255748327734498,0.8935126250058754,0.0329633713412315,0.9534902363574596,0.981072366849773,0.9946808510638298,0.8959734922603557,26.12193141515702,33.34098155567414,27.44227956622189,0.8764209767427305,0.01639176579504375,0.7759688583436452,0.9715503246753248,0.9904761904761904,0.5778668802729462,24.021924918415138,31.11725381832758,33.11322121947368,0.9250120612872135,0.11328172901274727,1.153378206664853,0.989810148260508,1.0,1.5984208850652701,30.689682809586742,35.59520172933682,108,27.291397865929227,0.8727943625192647,0.17117440496574354,0.9682326759747366,0.9847425301970756,0.9831412786108917,1.076348407662838,23.538894116699126,30.254719698478937,24.740249698112365,0.8411562223182748,0.05085018682526385,0.8488092659106421,0.9623472322070452,0.9523809523809524,0.6177109245393946,21.582581531447204,25.92570346531621,32.01602462339436,0.9019587217334073,0.38628683137273073,1.1956756732210225,1.0,0.9946808510638298,1.9530568564753321,26.597284606941617,35.80701047927352,108,23.338819045606606,0.8001306400952577,0.03244398170937415,0.042489468980703854,1.0,0.9416865011900715,0.5570181753697387,16.767515954259025,33.689589285282445,20.204563618015907,0.7385455279878218,0.0112189226202998,0.023652349080055653,0.9947368421052633,0.8770664869721474,0.43300372508234186,14.687055756574342,32.52682695922156,29.43579241703302,0.8447625680557482,0.0928355413920885,0.08120092576534113,1.0,0.9904986522911051,0.7147680432298519,20.672684502556752,35.624681173111824,108
mote2,30.215482120590995,0.9307175585527955,0.045897423631191495,0.8775416504311553,0.9836054558892696,1.0,0.7381139986138205,25.103068152040883,32.86477761985431,27.442260739693367,0.8835366682123793,0.013707918775994674,0.7300169141988135,0.9688099220758026,0.984126984126984,0.47414839527353947,22.834818710204306,29.949681953584353,32.92807330346334,0.9534177844848389,0.28123395833291026,1.0877646040348508,1.0,1.0,1.53815087039787,30.184426873614534,35.270419596146425,108,28.90251815215967,0.9037467452756511,0.07913626152781594,1.0381939114726846,0.9898948657752373,0.984,1.0699521386187456,22.48775229581028,33.17712409472567,25.157586686244308,0.8731003716978363,0.02433001350315605,0.8221986998001968,0.9813674228996809,0.956140350877193,0.5432645814204268,19.143184236534264,30.533305007867455,32.300200437682015,0.944484344173426,0.5989387889477134,1.2536580121965286,0.9964953271028038,1.0,2.161747697532998,26.219731816022716,35.266769676303774,108,23.715822319109076,0.8305184428956585,0.04094492688464875,0.0470245746170131,1.0,0.9636767976278725,0.5276313043462546,15.084129753425568,33.39386382966721,19.546168860483846,0.7788994230869336,0.010391860818930801,0.02460627497490215,0.9946370119242459,0.8710686777920411,0.4055254750435013,13.037814205646871,31.83695769784559,30.656837766352346,0.9005389534819332,0.13511978830570054,0.09716640608930838,1.0,0.9933031959629941,0.7451602363810182,22.08197083487322,37.17704763514896,108
nbo2,28.621621057017016,0.882702716113053,0.0633671894769229,0.7547679514867204,0.974025974025974,1.0,0.721891100210676,29.29759816054909,28.68295155627699,25.84076774001032,0.8708470660252343,0.0450182956222284,0.6982896063853647,0.967741935483871,0.9846244131455397,0.4556545381961075,25.518697662411263,27.12232711189418,29.684481393571552,0.8978841100577131,0.16075368334215107,0.9683116047347148,0.9822327044025156,1.0,1.3390876434427335,30.99605596848415,30.347572680387447,27,27.203297470493748,0.8630650081298125,0.1627803820519042,1.1262490593318923,0.9726027397260274,1.0,0.8528028654224418,24.56158670637556,31.99471889984736,26.11955598811187,0.8511436056236175,0.0643601675100124,0.9684972541884846,0.95160031225605,0.9666666666666668,0.46898772196061195,21.09183761748293,27.155810798325124,29.1300170126675,0.8959098127643876,0.48023854258400334,1.1476759063722577,0.9834699453551912,1.0,2.284934907552045,28.30471850650408,33.70475538669264,27,25.586835165050637,0.7974172214504284,0.0377940140516027,0.0288794755260254,1.0,0.9666666666666668,0.3806934938134405,19.25492296764492,33.79311136558803,19.47219325922571,0.7432817611993919,0.02545102438025195,0.022758975605323098,1.0,0.871244131455399,0.306558988428169,14.430162003517538,33.26164126152079,31.3416949419869,0.8229476735908892,0.10308257885616005,0.0698081402289743,1.0,1.0,0.48211979879094624,28.10359317493048,34.33439001311615,27
nbs2,29.467887810303207,0.9021273058616274,0.06321859870447805,1.0577862408804117,0.9658094681472823,1.0,0.8071972447029738,28.244967163826292,32.79106860519697,26.43124103989303,0.8845314432901786,0.0275738797593656,0.8813399439311134,0.942231308411215,0.9905660377358492,0.5445656288620602,23.51821734515923,28.35285990348493,33.247585696966155,0.91089772543238,0.1586639298667957,1.2463810629118415,0.982326892109501,1.0,1.2542229066920894,31.50356562817434,36.299066328102725,54,27.01050206825174,0.8794219213503477,0.1099053375632786,1.1928965060837502,0.9768346595932803,0.9716981132075472,1.2320448339676,24.718593249318495,29.860064008872587,25.088134978981813,0.8562063210354256,0.049674092176529426,1.0876814272698474,0.9537037037037036,0.9490771123872025,0.678922627443449,20.81028643186159,27.626397820604655,29.169007544521666,0.9020380600409839,0.3699473021363859,1.3122475315923672,0.991150442477876,0.982608695652174,2.14280348884472,28.824347361082733,35.239575801905595,54,23.347462604473524,0.792383541261189,0.0475991089893302,0.04836129594621015,1.0,0.9180734856007944,0.507187637101272,17.23149434783042,34.27703740129955,21.077483906846894,0.7437786230458201,0.0156236884190053,0.026314604063294222,1.0,0.8535982008995502,0.45703446537600967,15.190651743776908,33.45144187068813,28.065862952191427,0.8366480169832999,0.0962391457951201,0.0812559189948842,1.0,0.972234873129473,0.652390000666315,20.766247514085123,34.81328378998566,54
nbse2,31.25388110906102,0.9293509412491339,0.049287953123358305,1.016803451603979,0.9743589743589745,1.0,0.7264774829085388,30.40299032459584,32.77526344999471,28.719863266495977,0.9173723496294515,0.025751771038293375,0.7817889236736929,0.9587266680969749,0.9885668276972626,0.4396969503942578,24.176845764796866,30.692989066979987,33.08812741799081,0.9381016281705411,0.13083906083922586,1.162866675500393,0.9852111897390534,1.0,1.388370400978988,31.85001577301679,35.22458676799831,54,28.971604187416524,0.9156670027172422,0.0912806021711534,1.2260748961504033,0.9914161508989097,0.9869306087696892,0.7380248678633494,22.260798600317177,34.054968510159874,26.11146625420951,0.8975268323009397,0.04718797804843923,1.0915267627897034,0.9850746268656716,0.9521377995642701,0.4923764202762261,19.501976369637305,31.15107356040739,32.213264983904665,0.9352893338448431,0.3520175525648986,1.3278042609982967,1.0,1.0,2.0477678150221994,27.356139988982605,37.247758176475394,54,24.291758183820136,0.8435752797008276,0.033001866951739046,0.05029154551325765,1.0,0.9642401021711366,0.4330127018922193,16.626766162025966,35.234466342933494,20.845834902501423,0.8044901709397234,0.008549084664494775,0.02373054192068625,1.0,0.8753831417624521,0.36300445317987917,13.852473826203536,31.36112973435013,30.363337394332532,0.8852164238776516,0.13096934217036343,0.09955635816025954,1.0,0.9903918411164788,0.52572183712331,20.61181512075463,36.809860241106804,54
nbte2,26.49124607993005,0.8951331626543404,0.040649168825775295,0.8818619641189168,0.9394119173866291,1.0,1.0767585464163876,25.006525810417966,27.135255984174073,24.785252093365987,0.8744311460914116,0.02395481230626275,0.7596718046210037,0.9081937799043062,0.9929761904761903,0.6815364312212424,22.118948716326802,25.695676356714262,28.399113386261842,0.9057939150288878,0.1215055257603974,1.0380542730941433,0.9744932432432433,1.0,1.6189775314261645,29.0017149310967,31.411190929064226,54,26.97053827288799,0.8938205206076051,0.0487091038746471,1.041573631080897,0.9747416762342136,0.9927536231884058,1.4608900475722315,22.693074521443272,32.21556259471506,24.889897569304715,0.8732367584620421,0.021239792371229475,0.908908087372034,0.959828548644338,0.9676470588235295,0.605503122547767,20.563036886990012,27.279284658644144,31.00826334528316,0.9149342502037968,0.1618598920483232,1.2641495798458302,0.989692001987084,0.9949238578680204,1.8930162782472377,26.66655562845411,33.933378922975635,54,24.447757960090357,0.8322683071274035,0.021552642453157703,0.03883214809330385,1.0,0.9424430641821946,0.5324019404965692,16.602504008825434,33.9621163814046,20.50520680698734,0.7897713700894673,0.010624316968643426,0.027775057380235176,1.0,0.887111801242236,0.37172144890993464,14.356279432756264,32.92677195615744,28.712161257792495,0.8623467706012657,0.06775027724104583,0.07922977956903998,1.0,0.9853233281836239,0.7776520146375766,19.322697835890338,35.5541521038532,54
pbse2,36.4248479215978,0.9457922154509484,0.0133977987717844,1.0374637670727505,0.9935483870967742,0.9947368421052633,0.4892460547900816,30.26684991788894,38.698489052211336,33.943759319900366,0.9426044227081486,0.0119226414759805,0.9681774386485491,0.9792206390328152,0.9856536502546689,0.3780547756389635,26.30247705879792,37.145737122590575,37.91015664922661,0.9485863914544284,0.026332306775518,1.2119754224904393,1.0,0.9947368421052633,0.7228485643502579,32.54352037731355,39.84445047396261,27,33.482272102827594,0.941840679382572,0.0229630475196758,1.010793175656358,0.9894179894179894,0.9870967741935484,0.5564866749122019,23.41124274267875,36.390357148192535,30.04016014981925,0.9281192819598906,0.0189286015574139,0.9650833443728082,0.9739864864864864,0.9335314091680815,0.3784664187445803,20.23046629346205,36.15630161564483,36.119753190810535,0.9446086516015602,0.03261837194815635,1.0820806356806374,0.9895012400110224,0.9947368421052633,2.7574426968760912,32.20933236311252,38.256853367215186,27,31.89692004316332,0.9010903734960202,0.0045508804448541,0.0272195441953538,1.0,0.9894736842105264,0.3646624787447364,17.833754583718104,36.61682254327237,26.042101113985268,0.8424551860692951,0.0027639610067255503,0.02291510541386535,0.9973821989528796,0.8983870967741936,0.31893076323408814,14.44765385207036,36.25073980432988,35.98770201128853,0.9051076711422025,0.06879061786317185,0.0528186461764005,1.0,1.0,0.43538607436916255,29.695231210194805,38.12316776325709,27
pbte2,32.045111590974905,0.9270119359921984,0.1535217774470632,1.0279940268917254,0.9894179894179894,0.9895287958115184,1.1140942644815806,24.14938295551891,35.13818668838936,26.821038637580607,0.9017003875811642,0.01818359726524285,0.7075519524841416,0.985,0.9738219895287958,0.9306432766056658,21.04745240914432,33.22781475492524,33.33436171672952,0.941210719478383,0.32862758678472226,1.180129268624436,0.9947368421052633,0.9973821989528796,3.005995496218664,26.967981606747422,37.09065220715457,27,28.17817864662213,0.9140128881083984,0.1224314809128496,1.176130968676507,0.9946236559139784,0.9685863874345548,2.179449471770337,18.477592720587392,37.36509834016236,24.318362170666106,0.867220559159902,0.019149476646520502,0.9610001942116874,0.9779599271402549,0.9293193717277487,1.0405134385044188,17.755162708125447,36.58772590060043,35.740800331159605,0.9366055722977322,0.4425411480741704,1.2474832709334733,1.0,0.9947643979057592,5.153941494140464,25.29896126101313,37.8550250155202,27,24.708554246493108,0.8625075808057238,0.0793251185408226,0.0366252606181778,1.0,0.9581151832460733,0.5227083734893168,14.531188756214796,35.114387344987286,18.836658211570267,0.7746077616871864,0.01494213116043315,0.019287346777881402,1.0,0.8324607329842932,0.32602808196103356,12.373397949280005,34.7428700200182,34.08917183190596,0.8937923753548953,0.1118172902313941,0.08214835127019049,1.0,0.9895287958115184,1.1155271506219964,24.679743939909898,35.44373764753669,27
rete2,31.42151247067877,0.9554837525540646,0.0708617970534327,0.9275566771106186,0.993103448275862,1.0,0.7174300539794393,27.18861327103648,37.51784974447996,30.821776545914894,0.9468383807570322,0.0373627661268976,0.7570556589576921,0.9916666666666668,0.9930066510172144,0.4696410791752015,23.73092454427438,32.87603706454949,38.3414071190416,0.9669950120663597,0.17573155441505525,1.0105313057968806,1.0,1.0,1.3511541349394862,32.720542921885496,40.204289770709934,27,30.784687969160014,0.9496752317714506,0.1240316350718645,0.9915258702411798,1.0,0.9930555555555556,1.4348601079588783,21.593220050288213,37.41336024525215,26.22042902117215,0.9249463695292846,0.04290127925236395,0.8854918207168088,0.992590966467263,0.9790199530516431,0.39119854096345685,18.54579279027875,34.5947097067154,35.55096824626912,0.9624630138453945,0.23681627387696197,1.1478843039368976,1.0,1.0,3.057950022900968,22.633863344497627,39.71769201894929,27,24.034920961445422,0.9021939828768258,0.1116735827341554,0.0707084070585979,1.0,0.9663865546218487,0.3908679799852858,13.395356306574024,35.72094193603205,19.970058509653605,0.8321584846789368,0.0281804736596998,0.02393982282129775,1.0,0.8784722222222222,0.3045075049175572,12.06582331784983,34.41810806476273,33.34905924859416,0.9329676000625771,0.1935927219661199,0.1175382847243047,1.0,0.9915966386554622,0.7613475578060488,19.120413221993445,37.40943460369313,27
rus2,29.18582796400481,0.8843140862104386,0.0470762759158779,1.3105676498256131,0.96,0.95,1.2621094857350137,26.27192470167208,33.24078668602168,27.098175619627433,0.8544872495486475,0.017409083117979653,0.8578815405815945,0.9420289855072465,0.9393939393939394,0.49956502687235105,21.81022118987243,27.757202203789763,32.165108802129424,0.9023813397950937,0.1661228587028209,1.400644455586526,0.9802721088435373,0.9696969696969696,1.6346298089073013,29.268375291981197,35.867557069970886,27,25.845811258142582,0.8540690892034247,0.1414366434246961,1.2897290906739975,0.95,0.9242424242424242,1.7159383568311668,23.0864707332786,28.834365152679773,23.95909928356707,0.8211983318984213,0.0762037571555491,1.1953924102711881,0.9251918158567775,0.8939393939393939,0.7703274367816243,20.321927988272627,26.90170683332159,28.646868826601846,0.8654751814836479,0.4449504071184307,1.42177578953372,0.977312174559881,0.9522727272727273,2.2395211070389833,25.931908233833852,29.82778483735331,27,23.29787051184736,0.7778632833882282,0.0455989708625935,0.0485294369531438,0.9914529914529916,0.9191919191919192,0.4751909633114914,18.35353033339174,34.313666487074514,21.059146048673455,0.72206136488175,0.0172374402902378,0.0219858715920627,0.9809909909909911,0.8626262626262626,0.428286965208812,15.25039481085598,31.053816364779983,26.71756298708815,0.8145527009485634,0.1341182097786631,0.0681614933264121,1.0,0.9506313131313131,0.5217720216341201,21.114751096288572,35.88732470841859,27
sno2,28.91765125494675,0.9231575449706838,0.0830548631802657,0.950077637328589,0.96875,0.9857142857142858,1.2025613689761725,22.27832420429569,32.91101261603408,26.178950406846873,0.9019854093267488,0.0134456221473049,0.6568888774495161,0.9534183919114105,0.9703296703296703,0.5682236033051632,19.398120042978306,31.295022883732603,32.02247194961856,0.9328899755508566,0.20433935771799216,1.1655753355660576,0.9783397353819889,1.0,3.086336197112982,27.616895477659636,34.15725275047304,27,28.429109122204284,0.9175610006473436,0.1831435955094265,1.2454595625186606,0.9846153846153848,0.9846153846153848,1.3273676061682242,19.36372020987281,32.720233522186405,24.579441793100674,0.8793936685777751,0.024445094943063,1.1333729255743568,0.9694496268656716,0.9692307692307692,0.3695610161332674,18.610594450401777,31.005299037595357,31.55723212220513,0.9280969903482489,0.5703599359545357,1.330287774410856,1.0,0.9928571428571429,4.176217095730718,22.04087808185119,37.647426820478884,27,24.478700478139828,0.8522802473903093,0.0271097350775478,0.0361869001683277,1.0,0.9428571428571428,0.3535533905932738,16.625996131232352,35.3113719644294,21.98176785791861,0.8049383920638503,0.00976994008115185,0.026950177144401552,1.0,0.8967032967032966,0.2895313757033451,15.139939409203413,33.00610441347822,29.44378876969012,0.8811166873139179,0.109998747919223,0.08468491956146995,1.0,0.976923076923077,0.3960932498550998,18.55120455674922,35.87675800423002,27
sns2,26.008882033443367,0.8970817330147544,0.0446768586511336,1.1143582746490492,0.9052631578947368,0.9583333333333334,0.7822661302315617,30.820966524572132,25.99300548831071,25.007918750873525,0.8936699120504227,0.030618591476547004,0.8961811630469046,0.8333333333333334,0.921875,0.5750203842015549,28.40334845032988,24.771143344437206,29.504939639403766,0.9138371220652024,0.0563982023850888,1.2483554037447173,0.9444375848870231,0.9826484681283577,0.9859271718893269,31.875347384473248,30.04168715607034,27,28.91928528899858,0.9073388861610732,0.0319943151389966,1.3627968921179716,0.958904109589041,0.9072164948453608,0.8701395618766321,22.642818481636176,35.40467228303015,26.764582457319083,0.8885896253784227,0.029945178075455797,1.263152476972835,0.94953544609902,0.8238294673539519,0.5159132088577129,20.086472275992726,31.939071084401707,33.16576145033153,0.9143040008745082,0.04434730558913485,1.4310678705882893,0.975609756097561,0.9366197183098592,2.314344465894842,30.527494538758084,36.66941905593225,27,26.50740629039603,0.8509513249154049,0.0157123779474518,0.0283471910590505,0.9620253164556962,0.9154929577464788,0.4755948656056709,16.388807501250703,35.61758481160948,22.195389849547183,0.7852475761218847,0.01146014874700085,0.0211888184718736,0.9343877551020408,0.8555249019892551,0.33186628994061323,14.735308183693945,35.44051806393082,33.1226062248776,0.8590544124118185,0.0882553417485608,0.0698056764071967,1.0,0.9637564432989691,0.8597252738981624,25.43924137961195,36.200755350121256,27
snse2,27.543624940725454,0.9270751688367131,0.0181338523427673,0.8085712486506542,0.9692307692307692,1.0,1.144155107094711,24.7408094940244,28.491980234068844,26.59085652915295,0.9189710325575147,0.01564523917038145,0.6275968498022884,0.9582128397917872,0.9846153846153848,0.6984608091215021,22.704978268870327,27.6473514548468,28.617489372929377,0.9328784064008155,0.0302457479016758,1.06457267069163,0.9821428571428572,1.0,1.6368873715964884,26.948397208138644,30.194564896732793,27,30.02484703337414,0.9379739644401266,0.0270448788842259,1.175034485016562,1.0,0.9818181818181818,1.3618169680781094,20.29980617348808,37.16852421797476,27.084463353989776,0.9130238735338703,0.015511247870336298,1.0470868445176151,0.9920629921259843,0.9606299212598424,0.6325336926148093,18.646646409231586,35.687028603675415,33.10935828946796,0.9442476034852578,0.04020658809619975,1.258159332536346,1.0,0.9961538461538462,2.2969633502857034,21.914970242431913,38.03879580754325,27,24.386270519128463,0.8783256409444864,0.0190053360281982,0.0312845417140769,1.0,0.953846153846154,0.4918693768379647,14.71247384722005,36.05414865200492,21.769666664856466,0.8374617418677679,0.00813870540291075,0.026806421737333948,1.0,0.9027559055118111,0.37148429062255073,12.92913032052014,35.64806726269042,29.04110004391417,0.9009170958468495,0.049078459971848856,0.0584434218217929,1.0,0.9793706293706292,1.0500597629685684,16.641300607625386,36.660159568654045,27
snte2,28.66746263741032,0.8949754874859492,0.12492361467641,1.357746943654526,0.9943502824858758,1.0,0.8257228238447705,27.99450775639993,30.164378097897995,27.149784184026394,0.8874848613748145,0.0417711264977178,1.109207185007973,0.973167011970534,0.9895833333333334,0.5393816794443256,23.61241170617054,26.785231165713373,30.603703091107917,0.9039031194027318,0.24536294177034865,1.4450808881849224,1.0,1.0,1.9309774562681201,29.565025687538935,35.652803829032635,27,26.408635505413688,0.8792849637476895,0.096993473374908,1.4194030610274506,0.9894179894179894,0.9859154929577464,3.298379957619738,23.271490484637063,33.06220490176378,23.89251032699511,0.8530464425059514,0.02458102554919475,1.1480196569615568,0.9765590689503731,0.9673295454545454,0.7353115136170845,20.071337262549406,30.801644358625303,28.32267744069417,0.9035416843265673,0.26775980786930886,1.5906302562010155,1.0,0.9943181818181818,4.726592002422112,24.789571428293463,36.18587115821798,27,22.025681132888124,0.7842913203580953,0.0649636082142022,0.0598367240553397,1.0,0.953125,0.4093870605712013,19.24145446729072,31.52659575994527,19.378796359711593,0.7436253046318062,0.016871498733185948,0.0268275773874295,1.0,0.8910984848484849,0.30587823376756107,15.646259614917337,30.242198162320143,25.655727908568647,0.8323056834279158,0.21066481139293297,0.12109525267502624,1.0,0.9827978286384975,1.7038378319528649,21.217066960592255,34.86914518478714,27
tas2,27.28428598239117,0.927342927324235,0.0238430325590826,0.6466625298638455,0.9433962264150944,0.9852941176470588,0.957427107756338,26.048429773877547,30.370197318713213,25.01834730890493,0.9103973103301682,0.0122009782297139,0.5297193212360243,0.9207920792079208,0.9696969696969696,0.5487032611687344,21.189728646640308,25.66939069429737,32.86901576981764,0.9479438478176576,0.0517077822459418,0.7863525419559053,0.9595959595959596,1.0,1.5039630187955957,30.484484962893927,35.04015011032457,81,26.563374785851103,0.917624585665753,0.0342462595078135,0.8920014348196216,0.9649122807017544,0.9558823529411764,1.1311807514597825,19.83048541878343,32.031668719834315,24.32224034396968,0.8924040826846997,0.0153274701900655,0.8034166232115582,0.94,0.9117647058823528,0.5815799980377997,17.431136882863857,28.5230242581059,30.709670098745917,0.9398820156058164,0.0697377991488706,0.975543128335998,0.9821428571428572,0.989247311827957,2.271469671398917,24.602896836336814,34.39154532612838,81,22.815573918933968,0.8591684366452156,0.0282638882960089,0.0482107731844902,1.0,0.9117647058823528,0.4447495899966607,13.438589262567174,36.067534383148335,20.0536269022754,0.8036817568553507,0.0088523216000058,0.0246043303153162,0.989010989010989,0.8235294117647058,0.3208444739598739,12.42554308360658,35.13933398229171,28.27257965654249,0.8992094631898565,0.0826558734701873,0.0833076444723492,1.0,0.9705882352941176,0.5879447357921312,15.048858562085432,36.81581737562575,81
tase2,33.80581006050326,0.9413692821078592,0.0287816770851049,1.0105777685747408,0.9896907216494846,1.0,0.7282190812544191,26.903971544035304,36.35304901013309,29.31510829517049,0.9251226268395852,0.0162499175399424,0.7545583447606132,0.9763779527559056,0.9844559585492229,0.3834824944236852,22.34009124316916,34.30197944561082,35.98643863102855,0.9518588828962192,0.0642334691301326,1.1719932175252068,0.9931506849315068,1.0,1.3196133184932728,31.4232292452273,37.495746284600784,81,30.26363290905518,0.9304258762732404,0.0528540515087633,1.135630547709662,1.0,0.986206896551724,0.8249579113843054,21.236034436239443,36.40687132935564,26.70561072363347,0.9071119682872292,0.0253116564890972,0.9817271464825464,0.9897435897435898,0.9618320610687024,0.3984095364447979,18.599514091355196,33.514505392694886,35.3668381040775,0.9495699646889354,0.1830713612664005,1.2954424550976051,1.0,1.0,2.402288984783516,26.9286905845606,37.1785476848095,81,25.769334161115523,0.8677364282716823,0.0162873939142734,0.0354443123788037,1.0,0.9621212121212122,0.4662524041201569,15.74654702717835,34.70792091109136,20.8665196496771,0.8208586023429051,0.0051942210041251,0.0209346043771919,0.9918032786885246,0.9067357512953368,0.3746343246326776,13.449269613111522,33.39751062036164,33.93156518574298,0.9102892550690224,0.0649203414093563,0.0706816795177645,1.0,0.9948186528497408,0.670623180135797,23.0631240513923,35.58382316044184,81
tate2,29.11963126037735,0.9315339415503792,0.022628484708299,0.8441768157375258,0.9684292689407779,1.0,1.3189428022214553,22.671336403385418,33.662165367602334,26.349793331571497,0.9125977693669421,0.0098735203830265,0.6212627005270774,0.9519989704873026,0.9905660377358492,0.6467637513547588,20.537004757976042,29.440877440087256,33.170063090028755,0.9442253145538128,0.0469625767743389,1.0797186325608896,0.9924711115655998,1.0,2.085625925005846,29.028475892243144,37.387129312375876,108,29.21838252284634,0.9256244950474349,0.02533855863940525,0.9597838880921858,0.9892445138346777,0.9882527215102659,1.4605409218243823,20.20511557067156,35.70758999361743,25.538016941870143,0.8980367517518122,0.0129817154066545,0.8074326227019579,0.9746432314762558,0.9553308173133624,0.379007135605359,17.53126581247264,32.569623483712675,33.353587110869086,0.9407942347256201,0.06644399006136258,1.0671450194191539,0.9944827272175338,1.0,2.712404878560096,24.035613430212337,37.58351770712346,108,23.340257196713928,0.870272841913563,0.02943117541840985,0.04060911927031255,1.0,0.95160031225605,0.4613705137888333,13.902221250588024,35.47994715939299,19.009962170271425,0.7980673249071417,0.0046984655802387,0.022401424371958377,1.0,0.848229109020476,0.34204485859410033,12.002081541492663,34.805177569418376,31.45454115941145,0.89883445354286,0.10218886892259448,0.07884189293426574,1.0,0.9897467725918571,0.6855779400186517,18.425756264401464,36.75360009966735,108
tis2,29.60017346526362,0.8509963073549179,0.0625354602691934,1.1495056043974017,0.9720209600207013,0.9914892075909025,0.8462293525371004,28.351528706446,30.811521549850454,27.388590721484192,0.8101001896279179,0.03699209856907268,0.9962909052346565,0.9585040983606558,0.9829059829059827,0.5785096257040638,26.190448564129124,29.973392410027643,30.93028974142463,0.8646948125479663,0.10439757352639903,1.2434081154967889,0.9842207224096988,0.9926470588235294,1.4854901643315157,30.557317007042776,33.00642410607038,54,27.002900574320662,0.8127571577777635,0.1366853088442923,1.3464476304342567,0.9848406546080963,0.9779411764705882,1.3253194747298322,25.655868874174757,32.063375991111926,23.7657593706803,0.7896614611749613,0.06876667043249128,1.203247762265233,0.9606049031182722,0.9487179487179488,0.5929888025927786,22.877268850155104,25.619119384461605,30.030311684359486,0.8482625219713718,0.293729518179096,1.5175390525680432,0.992550505050505,0.9920314900153608,2.48352620435139,27.16101998619938,33.54333104298385,54,23.479448885572598,0.7119630010191829,0.0485189285521707,0.04761501882556475,1.0,0.9486236802413273,0.5405317528338905,20.3214593894185,33.33828909445597,20.37656930321231,0.6667919097770231,0.0218600421497906,0.026986712044814374,1.0,0.8785522273425499,0.47901987556080394,17.840995426108424,31.43891466662695,28.271838283956487,0.7572508349906865,0.09471826063288255,0.0818027251265402,1.0,0.9896834935897437,0.6149257810342539,24.943876188590927,33.73642008428823,54
tise2,29.526741669011667,0.8546658962433837,0.041206877889974805,1.051598484515397,0.9789473684210528,0.9946236559139784,1.0998424996426617,28.9240154957938,31.04843627163101,26.82278494183723,0.8439093970984222,0.02902612376568345,0.923283277979237,0.9700131888500749,0.989247311827957,0.8123472420572083,25.59836044962075,29.434714396484274,30.936168190562782,0.8599462274135726,0.09248594821983172,1.4220506918501634,0.9893474798043008,1.0,1.5120466194750162,30.525951911953285,33.97376820661647,54,28.42745100822186,0.8472601680093709,0.06511603528454446,1.325497170332866,0.9835120036237355,0.989247311827957,1.1717695375613273,26.132069725721202,31.323796732368642,25.83841465204411,0.830286923159936,0.04167635080030545,1.1050865974382054,0.9731507823613087,0.9646627565982404,0.48637345711392,23.71253313380187,29.800094743224545,30.618661032443896,0.8594406290411717,0.10622882523815688,1.4318921203436887,0.9893617021276596,0.9946236559139784,1.619606555812752,29.46861028992855,32.7893017078417,54,22.2917708748406,0.7409614310125496,0.0384536946973013,0.03772737239997685,1.0,0.9458455522971652,0.6042763799875128,18.522284235740557,32.73266384260343,19.263523378100103,0.7022710065382982,0.015620565235202926,0.023987523789847677,1.0,0.8717886807031099,0.48978009283544,16.301052297547447,32.48066930065044,28.855283158173314,0.7663098109720498,0.07542747512357365,0.06791188023981795,1.0,0.9880239520958084,1.0852843182189988,24.530708019941734,33.4350635784807,54
tite2,34.200646852220586,0.9486203546643298,0.0937433567942791,0.9345326313335112,0.9855072463768116,1.0,0.3830806462528432,29.641012197099926,36.63792895053169,30.496529588488666,0.9372694921595982,0.04274170757426313,0.8185641640990856,0.9580358865521899,0.9859154929577464,0.31406470516333973,23.332298784677228,33.412260619103556,37.87729157566188,0.9622625312871618,0.5136768818666921,1.0363226544045874,0.9861111111111112,1.0,0.6897348776750293,32.4520423690141,39.39125601967373,54,29.628546611142227,0.9375272953902144,0.2114435724931354,1.029289571625548,0.9846153846153848,0.9930555555555556,1.251466276144919,19.118116354110384,33.933390704759184,26.062755910852687,0.9076433787317595,0.13549809667544865,0.9595686262932682,0.9670005136106831,0.9577464788732394,0.36289649669953833,16.356733775017016,31.041091239091003,31.922094242988326,0.9502760930910396,0.3987813743788163,1.133553511816941,1.0,1.0,3.0531061746228874,26.59862115288434,36.63612696852905,54,25.443253459528336,0.8797458029756047,0.0970560181579439,0.061281004435131556,1.0,0.9644607843137255,0.315350592151401,15.123573001894066,34.95298231332358,21.320471814692755,0.8143255828775829,0.02264428920087605,0.02403755038781155,1.0,0.9050245098039216,0.2100420126042014,12.785564167128639,30.85433260351494,30.700562775107283,0.9246741417519517,0.2776936412555775,0.13297222011442061,1.0,1.0,0.46483351356579244,18.678667096709038,37.19098305587261,54
vo2,25.29255334855778,0.7201285467505725,0.1395408724721592,1.4636611391263508,0.9142857142857144,0.96,1.5026857675938214,25.56524041871649,23.67247185120015,24.08305899328449,0.7115855998615268,0.0967825347920977,1.1833215910945052,0.8910899227354923,0.9352777777777778,0.8153513712193163,24.409405178416442,21.479994407209702,25.75516005265382,0.7414312761287023,0.21320922082788266,1.520526974550607,0.9255730461198564,0.9722222222222222,1.9690369906480343,26.63968272439762,26.7778370029266,27,24.328778687610605,0.7104270152661396,0.1799997489877604,1.5186227850341287,0.9402985074626866,0.9479166666666666,1.9583576882594345,24.279779123335015,27.876867849555545,22.639518333410948,0.689942032615007,0.13117495114574612,1.3095359694195694,0.9031977522076532,0.9133333333333333,0.7416478578981519,22.11500144285894,23.730093262869534,26.100299266709825,0.7301984596068218,0.24143725378034836,1.590406828937239,0.9683649683649683,0.9591666666666667,3.176345162768548,26.50997239153391,30.026896443633113,27,20.480389372681856,0.5712031488085626,0.1035529268230821,0.052067189045276,0.9607843137254902,0.90625,0.6614378277661477,19.70683489760994,30.96652256309053,18.065824552181006,0.5558629810008825,0.092412347043566,0.0305884707832371,0.9397644927536233,0.8705555555555555,0.5658260756507745,17.03224199751574,30.845421433588108,24.872132080437005,0.595646313224715,0.14359232239100855,0.08131023208236479,0.9769754055468343,0.9591666666666667,0.7117285902989632,23.4285024712953,32.7717237871003,27
vs2,27.62283974272831,0.7521792231012125,0.20461996855871267,1.5046869343746732,0.9754591990364347,0.9884056996908187,1.2659261808471025,27.864971748067155,28.24011756650881,26.198611290509348,0.7102201553934729,0.07345272396412907,1.2083932492616982,0.9676279602750191,0.9813664596273292,0.8212744395757108,26.459196185169766,24.38263038567352,29.25644733249891,0.7700424853596587,0.4016702815359234,1.6193375564427734,0.9881344156793915,0.9940867398526652,1.6569705149024927,29.380527830029912,31.503837882111785,54,26.48557083367634,0.722717628206047,0.24029036920409258,1.483958369268921,0.9751543209876543,0.9627329192546584,1.7494933306435765,26.398050779704107,26.860114248312485,24.992216481029935,0.6956905467161943,0.10204962479288267,1.3155986400347004,0.9626658744305802,0.920319016609351,0.9955334641208367,25.052287747656287,24.134231580888553,28.22636774095954,0.7587767281463697,0.499803373476793,1.5492686658415482,0.9875776397515528,0.9813664596273292,2.567308035585987,28.040676367933127,29.671621820201278,54,21.890637845482726,0.5827006251886562,0.09482106582680895,0.05868469127879655,1.0,0.9160593113847701,0.7241868230611304,21.049466909846338,31.16276598510539,19.531073562013326,0.5434269082747377,0.061269473437693726,0.029124379181080802,0.993421052631579,0.8627167630057804,0.6297178356931081,18.35958489885689,30.45404097595848,25.232549869340936,0.6192109294468172,0.13961656418984913,0.09606471730269413,1.0,0.9742191799669785,0.8305315167415254,24.263645119591445,31.859483167430792,54
vse2,28.67727057756045,0.9073832152560235,0.04411318134567985,0.8719520025479844,0.9644858503782573,0.9891304347826086,0.9874059774279558,27.76103525897567,29.92351133606759,26.65233480059928,0.8213414010651621,0.023947262599253324,0.7422518535746446,0.9141583054626532,0.9777432712215322,0.6246285566588625,24.126547833100073,27.2872247885987,30.605230946220992,0.9312148700379691,0.09999137448238027,1.0747612091768555,0.9771817954488622,1.0,1.4529663145135578,30.2850377549014,34.230545630746846,108,27.802011108544246,0.8869378604639903,0.0731534379460112,1.205185041612105,0.9766073871409028,0.9710982658959536,1.098857879272288,24.574539061122657,32.24612064161164,24.911995144221706,0.8115982648264577,0.026927109535431048,1.0101737589903408,0.9578804347826088,0.9264328063241106,0.5515717209554916,19.524724869365926,28.133689292082934,31.203879061699617,0.928931123249908,0.25011653126425315,1.4052341899434757,0.9891151066455137,0.990909090909091,2.373952800244998,28.26191387260401,36.36592202477577,108,24.247613275290895,0.7728992265074266,0.02814070695822225,0.04489701087540875,0.9930434782608695,0.9455533596837945,0.516357315042901,18.204038438163927,32.82063151817608,20.01933514630932,0.7065082116482001,0.007941900761105776,0.0261050181448569,0.9654170008019247,0.8763440860215054,0.41860982363537835,14.600096539416636,31.544469925166904,29.903198795456817,0.8764431884602416,0.08154265960472833,0.08936338835334184,1.0,0.988095238095238,0.7238761495339788,24.702642367531062,36.234665997070046,108
vte2,31.721133810684673,0.9147798995481116,0.02642365282464075,1.1836063787380566,0.9818716226084416,0.9915966386554622,0.798067412047537,28.926003828264008,36.12341180623362,29.08838791737309,0.8993382827458142,0.014897393296742126,0.8618468041719285,0.9756467110125646,0.9813664596273292,0.5383848480993542,24.655285812034748,30.109066191561368,34.54331132480867,0.9263694992864918,0.05270853976452665,1.3623619333789094,0.9915788349238001,1.0,1.142283854588831,31.17305988090879,37.22934790099033,54,27.814374966547653,0.8907966797440419,0.06847021259164965,1.2774390486623985,0.9799964438122333,0.9748163416309921,1.1046861086911304,21.843652430413584,33.54493047895201,25.32901474763258,0.8715971954165724,0.038542104955139704,1.0686809639778763,0.963410602108666,0.9401637774159562,0.5581755957001753,20.491056122962306,28.343051562889617,30.22699988413985,0.9228020292749586,0.21854505241537894,1.4831448523659196,0.9884723336006416,0.9867589311368643,2.2308548465733775,25.976815320331255,37.7964367058307,54,23.94599931978122,0.8261112804879267,0.0259100743604956,0.045651295763116,1.0,0.9477343335606576,0.5109602667331885,17.61405031228182,33.98986377236473,20.098097291557732,0.7796419807220565,0.009719681464848477,0.028000423857273273,0.9921203007518797,0.8705474070193818,0.40689953143772273,14.249162669677718,32.83013026342923,28.37894775073496,0.8517108854778824,0.08417829592976261,0.07662591407939581,1.0,0.9813696410005505,0.7511635703082632,20.30893705850139,34.85833630649247,54
ws2,27.39454684531855,0.9240268874626307,0.03896450478370795,0.6455472009613403,0.9224137931034484,0.9718253968253968,0.7317554744601211,29.045000491397175,28.242426289717237,24.345302923253172,0.9096667875445278,0.019743173558037726,0.5134090091011464,0.9081937799043062,0.9553571428571428,0.5498837228890383,23.280794009308533,23.87274778633813,29.804418049322663,0.9431014911544426,0.24356176733773074,0.8546561005480583,0.9473560517038777,0.9898313492063493,1.1405712545763025,31.806630127286375,31.33250213895741,54,24.505414412472394,0.9024092973991777,0.0470144405861975,0.9106403036688111,0.9420480869079,0.9495762711864406,1.2712957061958048,23.428693560777752,26.588371045165253,22.802145633581375,0.8806274661956872,0.022595691411437226,0.8135847769396698,0.9155670867309117,0.9126370887337985,0.6500270850261592,19.315166048545493,22.675359361630697,30.472456643885963,0.9393297836061106,0.2932403379877487,1.0087049305476987,0.970478489903424,0.9830508474576272,2.3519262237240404,26.86060639358382,31.474132097751113,54,24.746348455747423,0.8707209004385492,0.020088961748384503,0.04411967601436275,0.9821428571428572,0.9317879694250581,0.5081988897471611,14.659434521042726,36.02222130779842,20.592299331143547,0.8198473631964347,0.006442597911916525,0.0253754288982642,0.9626050420168069,0.8553921568627451,0.3405026123034994,12.993237555569461,34.942915041445275,28.66500171637831,0.904168078513977,0.07971233759772353,0.08956704863177842,1.0,0.9720238095238095,0.7238967043147475,16.830050910876864,37.23668688829821,54
ws2-C,35.12595911301257,0.9424614544751908,0.0378215727417232,0.8664644817226903,0.9855072463768116,1.0,0.5906244232186183,28.09280315449925,38.034404260073806,31.568748594891485,0.9318571274302284,0.0296200767645706,0.7233711136041513,0.9846153846153848,0.9926470588235294,0.3310800452587288,23.385149595526432,35.41627304246208,37.46080068450658,0.9680694477555765,0.049599346829159646,1.115869921008028,1.0,1.0,0.9936692874267699,30.066529074411765,43.648890766166204,27,31.1080443673986,0.935495527327836,0.0558555003981571,1.0454069265290935,1.0,0.984375,0.9541738631895288,20.89346352900088,35.877581752462234,27.32303573182624,0.9120172872747987,0.0385126844574845,0.9215154048621549,0.9846153846153848,0.9616477272727273,0.36771128637714945,17.303245881106513,33.84877060483895,33.86509584636937,0.9462564895492476,0.24260324285989165,1.134210523287968,1.0,1.0,2.8046109391466265,23.96327573996956,40.332196484232924,27,25.17956989070372,0.8673523024845757,0.0374080416226458,0.0632360809536245,1.0,0.921875,0.2603778219616477,15.34306006763851,35.68093576612376,20.345419422329023,0.8241065685475112,0.00800546262605865,0.03475964227721,1.0,0.8636363636363636,0.21694171832143455,12.695576271806221,34.46703654629179,28.165249008023217,0.8979702069444054,0.09407776456939079,0.09068159771801655,1.0,0.96875,0.31171651609816986,16.151282304272083,38.825845605705055,27
wse2,30.785433987987624,0.9222761775384036,0.0363218190579288,0.6804327750333615,0.9523809523809524,0.9743589743589745,1.4170850649487536,23.22292583333454,33.97951481329994,27.196762153353497,0.9115981051265455,0.01155931646300125,0.5570626730094096,0.9382156488549618,0.9501654259718776,0.6742185511238552,20.89867807909677,31.42754307170251,33.50644500736738,0.9417584065969973,0.17021756339784774,0.8451608749654336,0.9663841807909606,0.9919354838709676,2.7906711968233626,25.537643570192387,35.337205490510186,27,28.674820214049085,0.9076411214147824,0.1254343351254667,0.915791396322723,0.9666666666666668,0.9649122807017544,2.068499099489812,20.56076050648391,33.260942476357656,25.74105629497272,0.8831645837895576,0.0246470399241925,0.7824788913526375,0.9484969053934572,0.9273504273504274,0.9026033022611637,18.76653781619987,30.53305952583072,31.059939065755273,0.9322123412846546,0.6612759997993434,0.9767848706503677,0.9759244992295839,0.98268106162843,3.1653550139779574,21.831271504119133,34.87424725244689,27,24.58499210946592,0.8542774392585876,0.0354434762680175,0.0553165404172733,0.990990990990991,0.9274193548387096,0.5553478324017039,14.356677735795436,35.88548452331609,21.2921983250514,0.7895543782244713,0.0063282690935583495,0.03064907560319995,0.9711511789181693,0.8590432864626414,0.4032389192727559,13.422549477509694,33.09579346696535,29.285787221594397,0.8983296809283918,0.0639230410847924,0.08803313770820775,1.0,0.9741340530814215,0.9198504915631412,15.266013309896522,37.318741332537684,27
wte2,33.16736392992792,0.9590029413044102,0.0273990001922882,0.5673071100549634,0.9849624060150376,1.0,0.5314534298427315,30.66391970485812,33.255098717418285,29.60425399044761,0.9262609689130572,0.0119983743935273,0.5317486457435845,0.9849624060150376,1.0,0.39932681380755836,25.08623830511897,31.614237027009032,33.92662697577579,0.9647908908397842,0.18336480689944615,0.996797196435302,1.0,1.0,0.9608692193971868,33.31258846715056,35.4252094035726,27,31.128601922794395,0.950816969402804,0.0437248070222954,0.8194303091283853,0.9921875,1.0,0.4960158727618966,23.54367841592646,36.67647946920145,25.967052988682994,0.9067916425699827,0.017978633924715152,0.7827296447035088,0.9838605133523464,0.9694656488549618,0.4036097998182027,20.50404204535541,32.14929200615432,35.730431206065646,0.9623138019378252,0.23477317348850624,1.0384510382823922,1.0,1.0,2.323389275400489,30.621244549852868,37.714293350958286,27,24.79079008252691,0.9006327910255174,0.0424581845507705,0.0426063559343062,1.0,0.9586206896551724,0.477059961531621,14.864124007146732,35.87633301983385,17.9832287631575,0.7755831116746983,0.01128887186327775,0.0222900293162462,1.0,0.8470650171097658,0.3858951910393774,12.787166334739553,35.20456779487458,33.193014280195555,0.9283676518401932,0.1895857145384457,0.12712832832774656,1.0,1.0,0.7063796711453998,25.19278671021432,37.025990007475585,27
zro2,34.52920219344224,0.9176852500781628,0.0511752911085902,1.1680013763424988,0.9855072463768116,1.0,0.5438516782058541,29.87063601255615,37.50435840658505,31.178449771392568,0.895810127519429,0.033353549382317854,0.9739115599475678,0.9577464788732394,0.971830985915493,0.4850712500726659,25.5481655043966,34.71507245513623,37.13707050256336,0.9630937591198369,0.09004709579700425,1.3149235199006957,1.0,1.0,0.8013818855070532,32.73573970518372,42.89100070613625,27,30.24441467295363,0.8982349638457099,0.1231920590689261,1.3447922293258507,1.0,0.9772727272727272,1.5071259308460496,23.72239319181652,35.51799439089785,27.170692781491475,0.8608191356794556,0.03660614455389925,1.1949417592476077,0.9725975975975976,0.9353769676884838,0.4111419292391624,20.713929536320283,29.62936474791472,36.206272986695396,0.937349455785796,0.25554583813971216,1.457740444084126,1.0,1.0,2.987174708092725,26.147690284733827,39.13408823792761,27,26.83746814821937,0.8142754563550765,0.0285018102852788,0.0433614236573301,1.0,0.9154929577464788,0.3841106397986879,16.795910959472394,34.330122190701935,22.74363067074889,0.7761808039281891,0.011403654952297549,0.03168502984156685,0.984250992063492,0.8868437900128041,0.29927780373538293,15.743688625885603,34.07771053684486,30.324377848395763,0.856521317336765,0.04983762121170275,0.0874776914775235,1.0,0.9577464788732394,0.43305235244782225,17.750933776296392,38.426287367785505,27
zrs2,25.55469067313024,0.8681899630476759,0.0972049681489343,1.0745415651783332,0.943089430894309,0.9913793103448276,1.4348601079588783,27.914921421308488,26.03960395422421,23.397478731695337,0.8442219051355591,0.048063836533146,0.9681812152843696,0.9379310344827586,0.9831932773109244,1.0684886784890724,23.62436758837632,22.206670138629057,26.99307339931648,0.8756004667493353,0.10978415415058129,1.1883524900395193,0.9708660323633584,1.0,1.7116197787859333,29.325010188849724,28.425923762477737,27,26.38959577584276,0.8563119220809555,0.0862644841429776,1.2080658597634393,0.9666666666666668,0.9913793103448276,1.4011549857591226,25.176717052472817,28.423792932388352,25.984092590859692,0.848649051418949,0.0496998980348838,1.1012654372964685,0.9472972081050756,0.9490365111561866,0.621822035092204,22.032248714461694,26.88360488891138,28.207219181777504,0.8783286559595973,0.14077482346508804,1.3740292413276203,0.9869484869484868,1.0,2.381304169886173,28.803558823507245,33.15989275827192,27,24.569448775446965,0.7827507367343179,0.0187561280513329,0.0332103981573678,1.0,0.956896551724138,0.5357583756107197,18.444934928666303,33.767924621741734,21.785697261288497,0.747299455512712,0.01145447833336705,0.0228713819366324,1.0,0.8808316430020284,0.4496545004130092,15.677968264684036,33.296921819648894,29.618947050908204,0.8030904508202097,0.052024143422460145,0.06540311107267435,1.0,0.9914879745001449,0.724032677410748,22.476864629263684,34.344412408687894,27
zrse2,24.629091714541055,0.8498301600322876,0.0763925290663437,0.949689925737198,0.9382022471910112,1.0,0.9759000729485332,26.81367126558137,24.34709963028704,24.280049625642544,0.8405035949498247,0.046445513210577494,0.7650885632306219,0.9164174526493367,1.0,0.6085503283804904,25.113165913865682,22.99192728591963,25.583236329782295,0.856356920578514,0.2800585769579626,1.0982241435488702,0.9663684903959504,1.0,1.6096701231833814,29.443839800772185,25.57361914273627,27,26.017212090911933,0.8499104205108137,0.0644583277170635,1.1698172854613296,0.9797979797979798,0.9932432432432432,1.979486637221574,24.714166263166973,27.56603808340449,24.020543337427764,0.8337815313117262,0.033816013162988004,1.0975700000356672,0.96,0.9779601029601028,0.7320570221734636,22.635134329601442,26.700215841074552,29.730413710458173,0.8641276979264213,0.1692551653955561,1.3837009157258757,0.9931021359592789,1.0,2.8672414724441833,27.893711861191864,32.672162536443054,27,22.422660886836415,0.7582221535472681,0.0348310854706288,0.0535504778384627,1.0,0.9256756756756755,0.5848976518656018,18.764569468530144,33.73678058614132,19.083756992948473,0.7228048222213108,0.014499776253087501,0.026956017566536497,1.0,0.8857498223169865,0.45907145309957653,15.698744322630407,31.33947308451271,27.737004482063348,0.7977776075966136,0.1504436953364014,0.11808172643178874,1.0,0.985780556676079,0.9753247347163627,22.02184025980751,34.0355929725668,27
